board_state,player_turn,best_move_index
         ,X,'0268'
        X,O,'4'
       OX,X,'245'
       X ,O,'68'
       XO,X,'4'
      O X,X,'025'
      OX ,X,'4'
      OXX,O,'03'
      X  ,O,'4'
      X O,X,'023'
      XO ,X,'034'
      XOX,O,'4'
      XXO,O,'25'
     O  X,X,'467'
     O X ,X,'48'
     O XX,O,'012346'
     OOXX,X,'4'
     OX  ,X,'048'
     OX X,O,'012347'
     OXOX,X,'04'
     OXX ,O,'8'
     OXXO,X,'01234'
     X   ,O,'28'
     X  O,X,'4'
     X O ,X,'48'
     X OX,O,'012346'
     X XO,O,'4'
     XO  ,X,'8'
     XO X,O,'012347'
     XOOX,X,'01234'
     XOX ,O,'0'
     XOXO,X,'4'
     XX O,O,'4'
     XXO ,O,'4'
     XXOO,X,'0134'
    O   X,X,'2567'
    O  X ,X,'68'
    O  XX,O,'6'
    O OXX,X,'2'
    O X  ,X,'0378'
    O X X,O,'7'
    O XOX,X,'1'
    O XX ,O,'8'
    O XXO,X,'0'
    OO XX,X,'6'
    OOX X,X,'37'
    OOXX ,X,'38'
    OX   ,X,'28'
    OX  X,O,'2'
    OX OX,X,'2'
    OX X ,O,'268'
    OX XO,X,'0'
    OXO X,X,'2'
    OXOX ,X,'2'
    OXOXX,O,'2'
    OXX  ,O,'178'
    OXX O,X,'0'
    OXXO ,X,'1'
    OXXOX,O,'1'
    OXXXO,O,'0'
    X    ,O,'0268'
    X   O,X,'123567'
    X  O ,X,'023568'
    X  OX,O,'012356'
    X  XO,O,'1'
    X O  ,X,'013578'
    X O X,O,'0'
    X OOX,X,'0235'
    X OX ,O,'1'
    X OXO,X,'135'
    X X O,O,'2'
    X XO ,O,'012358'
    X XOO,X,'0235'
    XO   ,X,'012678'
    XO  X,O,'012367'
    XO OX,X,'026'
    XO X ,O,'012368'
    XO XO,X,'12'
    XOO X,X,'017'
    XOOX ,X,'018'
    XOOXX,O,'0123'
    XOX  ,O,'012378'
    XOX O,X,'2'
    XOXO ,X,'0238'
    XOXOX,O,'0123'
    XOXXO,O,'2'
    XX  O,O,'3'
    XX O ,O,'012368'
    XX OO,X,'36'
    XXO  ,O,'3'
    XXO O,X,'37'
    XXOO ,X,'38'
    XXOOX,O,'0123'
    XXOXO,O,'0123'
    XXXOO,O,'0123'
   O    X,X,'246'
   O   X ,X,'46'
   O   XX,O,'6'
   O  OXX,X,'01245'
   O  X  ,X,'478'
   O  X X,O,'012457'
   O  XOX,X,'24'
   O  XX ,O,'012458'
   O  XXO,X,'4'
   O O XX,X,'46'
   O OX X,X,'47'
   O OXX ,X,'48'
   O X   ,X,'28'
   O X  X,O,'2'
   O X OX,X,'024'
   O X X ,O,'28'
   O X XO,X,'14'
   O XO X,X,'02'
   O XOX ,X,'0'
   O XOXX,O,'02'
   O XX  ,O,'28'
   O XX O,X,'24'
   O XXO ,X,'2'
   O XXOX,O,'2'
   O XXXO,O,'4'
   OO  XX,X,'56'
   OO X X,X,'57'
   OO XX ,X,'8'
   OOX  X,X,'267'
   OOX X ,X,'8'
   OOX XX,O,'0126'
   OOXOXX,X,'2'
   OOXX  ,X,'8'
   OOXX X,O,'0127'
   OOXXOX,X,'2'
   OOXXX ,O,'8'
   OOXXXO,X,'0'
   OX    ,X,'012678'
   OX   X,O,'012567'
   OX  OX,X,'0256'
   OX  X ,O,'012568'
   OX  XO,X,'126'
   OX O X,X,'0'
   OX OX ,X,'01'
   OX OXX,O,'0'
   OX X  ,O,'012578'
   OX X O,X,'127'
   OX XO ,X,'028'
   OX XOX,O,'0125'
   OX XXO,O,'0125'
   OXO  X,X,'01267'
   OXO X ,X,'01268'
   OXO XX,O,'0126'
   OXOOXX,X,'01'
   OXOX  ,X,'01278'
   OXOX X,O,'0127'
   OXOXOX,X,'012'
   OXOXX ,O,'0128'
   OXOXXO,X,'12'
   OXX   ,O,'06'
   OXX  O,X,'167'
   OXX O ,X,'28'
   OXX OX,O,'0126'
   OXX XO,O,'1'
   OXXO  ,X,'0'
   OXXO X,O,'0'
   OXXOOX,X,'02'
   OXXOX ,O,'0'
   OXXOXO,X,'1'
   OXXX O,O,'2'
   OXXXO ,O,'2'
   OXXXOO,X,'2'
   X     ,O,'06'
   X    O,X,'6'
   X   O ,X,'46'
   X   OX,O,'4'
   X   XO,O,'2'
   X  O  ,X,'4'
   X  O X,O,'4'
   X  OOX,X,'1245'
   X  OX ,O,'4'
   X  OXO,X,'4'
   X  X O,O,'012457'
   X  XO ,O,'012458'
   X  XOO,X,'01245'
   X O   ,X,'06'
   X O  X,O,'06'
   X O OX,X,'0'
   X O X ,O,'06'
   X O XO,X,'2'
   X OO X,X,'04'
   X OOX ,X,'14'
   X OOXX,O,'4'
   X OX  ,O,'0'
   X OX O,X,'02'
   X OXO ,X,'024'
   X OXOX,O,'0'
   X OXXO,O,'02'
   X X  O,O,'4'
   X X O ,O,'4'
   X X OO,X,'46'
   X XO  ,O,'4'
   X XO O,X,'4'
   X XOO ,X,'48'
   X XOOX,O,'0124'
   X XOXO,O,'4'
   X XXOO,O,'0124'
   XO    ,X,'06'
   XO   X,O,'167'
   XO  OX,X,'1'
   XO  X ,O,'068'
   XO  XO,X,'0'
   XO O X,X,'2'
   XO OX ,X,'2'
   XO OXX,O,'2'
   XO X  ,O,'0'
   XO X O,X,'0'
   XO XO ,X,'0'
   XO XOX,O,'1'
   XO XXO,O,'0'
   XOO  X,X,'6'
   XOO X ,X,'6'
   XOO XX,O,'6'
   XOOOXX,X,'2'
   XOOX  ,X,'078'
   XOOX X,O,'0127'
   XOOXOX,X,'0'
   XOOXX ,O,'0128'
   XOOXXO,X,'0'
   XOX   ,O,'012678'
   XOX  O,X,'01267'
   XOX O ,X,'01268'
   XOX OX,O,'12'
   XOX XO,O,'026'
   XOXO  ,X,'01278'
   XOXO X,O,'2'
   XOXOOX,X,'2'
   XOXOX ,O,'028'
   XOXOXO,X,'012'
   XOXX O,O,'0'
   XOXXO ,O,'01'
   XOXXOO,X,'0'
   XX   O,O,'5'
   XX  O ,O,'012568'
   XX  OO,X,'56'
   XX O  ,O,'5'
   XX O O,X,'57'
   XX OO ,X,'58'
   XX OOX,O,'0125'
   XX OXO,O,'0125'
   XX XOO,O,'0125'
   XXO   ,O,'28'
   XXO  O,X,'2'
   XXO O ,X,'06'
   XXO OX,O,'0'
   XXO XO,O,'2'
   XXOO  ,X,'178'
   XXOO X,O,'0'
   XXOOOX,X,'0'
   XXOOX ,O,'1'
   XXOOXO,X,'1'
   XXOX O,O,'2'
   XXOXO ,O,'0128'
   XXOXOO,X,'02'
  O     X,X,'067'
  O    X ,X,'8'
  O    XX,O,'013456'
  O   OXX,X,'4'
  O   X  ,X,'08'
  O   X X,O,'013457'
  O   XOX,X,'0'
  O   XX ,O,'8'
  O   XXO,X,'01345'
  O  O XX,X,'01346'
  O  OX X,X,'01347'
  O  OXX ,X,'8'
  O  X   ,X,'4'
  O  X  X,O,'01'
  O  X OX,X,'4'
  O  X X ,O,'0'
  O  X XO,X,'4'
  O  XO X,X,'4'
  O  XOX ,X,'4'
  O  XOXX,O,'0134'
  O  XX  ,O,'0'
  O  XX O,X,'3'
  O  XXO ,X,'3'
  O  XXOX,O,'1'
  O  XXXO,O,'0'
  O O  XX,X,'6'
  O O X X,X,'037'
  O O XX ,X,'038'
  O OX  X,X,'6'
  O OX X ,X,'6'
  O OX XX,O,'6'
  O OXX  ,X,'078'
  O OXX X,O,'7'
  O OXXOX,X,'1'
  O OXXX ,O,'8'
  O OXXXO,X,'0'
  O X    ,X,'013578'
  O X   X,O,'0'
  O X  OX,X,'035'
  O X  X ,O,'1'
  O X  XO,X,'15'
  O X O X,X,'01357'
  O X OX ,X,'01358'
  O X OXX,O,'0135'
  O X X  ,O,'08'
  O X X O,X,'5'
  O X XO ,X,'03'
  O X XOX,O,'0'
  O X XXO,O,'15'
  O XO  X,X,'0167'
  O XO X ,X,'18'
  O XO XX,O,'0136'
  O XOOXX,X,'013'
  O XOX  ,X,'8'
  O XOX X,O,'0137'
  O XOXOX,X,'0'
  O XOXX ,O,'8'
  O XX   ,O,'3'
  O XX  O,X,'137'
  O XX O ,X,'038'
  O XX OX,O,'0136'
  O XX XO,O,'0136'
  O XXO  ,X,'01378'
  O XXO X,O,'0137'
  O XXOOX,X,'013'
  O XXOX ,O,'0138'
  O XXOXO,X,'013'
  O XXX O,O,'3'
  O XXXO ,O,'3'
  O XXXOO,X,'3'
  OO   XX,X,'0146'
  OO  X X,X,'047'
  OO  XX ,X,'148'
  OO X  X,X,'06'
  OO X X ,X,'146'
  OO X XX,O,'6'
  OO XOXX,X,'014'
  OO XX  ,X,'78'
  OO XX X,O,'7'
  OO XXOX,X,'04'
  OO XXX ,O,'8'
  OO XXXO,X,'14'
  OOOX XX,X,'6'
  OOOXX X,X,'7'
  OOOXXX ,X,'8'
  OOX   X,X,'0167'
  OOX  X ,X,'0168'
  OOX  XX,O,'0156'
  OOX OXX,X,'01'
  OOX X  ,X,'78'
  OOX X X,O,'0157'
  OOX XOX,X,'0'
  OOX XX ,O,'0158'
  OOX XXO,X,'1'
  OOXO XX,X,'016'
  OOXOX X,X,'017'
  OOXOXX ,X,'18'
  OOXX   ,X,'017'
  OOXX  X,O,'0'
  OOXX OX,X,'0'
  OOXX X ,O,'1'
  OOXX XO,X,'1'
  OOXXO X,X,'0'
  OOXXOX ,X,'01'
  OOXXOXX,O,'0'
  OOXXX  ,O,'01'
  OOXXX O,X,'17'
  OOXXXO ,X,'08'
  OOXXXOX,O,'0'
  OOXXXXO,O,'1'
  OX     ,X,'0'
  OX    X,O,'0'
  OX   OX,X,'04'
  OX   X ,O,'08'
  OX   XO,X,'01456'
  OX  O X,X,'4'
  OX  OX ,X,'4'
  OX  OXX,O,'014'
  OX  X  ,O,'0'
  OX  X O,X,'05'
  OX  XO ,X,'045'
  OX  XOX,O,'0'
  OX  XXO,O,'05'
  OX O  X,X,'0167'
  OX O X ,X,'8'
  OX O XX,O,'0146'
  OX OOXX,X,'4'
  OX OX  ,X,'08'
  OX OX X,O,'0147'
  OX OXOX,X,'0'
  OX OXX ,O,'8'
  OX X   ,O,'4'
  OX X  O,X,'046'
  OX X O ,X,'046'
  OX X OX,O,'4'
  OX X XO,O,'4'
  OX XO  ,X,'4'
  OX XO X,O,'4'
  OX XOOX,X,'4'
  OX XOX ,O,'4'
  OX XOXO,X,'4'
  OX XX O,O,'0147'
  OX XXO ,O,'0148'
  OX XXOO,X,'014'
  OXO   X,X,'6'
  OXO  X ,X,'6'
  OXO  XX,O,'6'
  OXO X  ,X,'078'
  OXO X X,O,'0157'
  OXO XOX,X,'0'
  OXO XX ,O,'0158'
  OXO XXO,X,'0'
  OXOO XX,X,'6'
  OXOOX X,X,'017'
  OXOOXX ,X,'08'
  OXOX   ,X,'01678'
  OXOX  X,O,'0167'
  OXOX OX,X,'016'
  OXOX X ,O,'0168'
  OXOX XO,X,'016'
  OXOXX  ,O,'0'
  OXOXX O,X,'0'
  OXOXXO ,X,'0'
  OXOXXOX,O,'1'
  OXOXXXO,O,'0'
  OXX    ,O,'5'
  OXX   O,X,'5'
  OXX  O ,X,'0568'
  OXX  OX,O,'0156'
  OXX  XO,O,'5'
  OXX O  ,X,'01578'
  OXX O X,O,'0157'
  OXX OOX,X,'015'
  OXX OX ,O,'0158'
  OXX OXO,X,'15'
  OXX X O,O,'5'
  OXX XO ,O,'0158'
  OXX XOO,X,'05'
  OXXO   ,X,'8'
  OXXO  X,O,'0'
  OXXO OX,X,'0'
  OXXO X ,O,'18'
  OXXOO X,X,'017'
  OXXOOX ,X,'18'
  OXXOOXX,O,'01'
  OXXOX  ,O,'08'
  OXXOXO ,X,'0'
  OXXOXOX,O,'0'
  X      ,O,'4'
  X     O,X,'016'
  X    O ,X,'048'
  X    OX,O,'013456'
  X    XO,O,'4'
  X   O  ,X,'08'
  X   O X,O,'013457'
  X   OOX,X,'01345'
  X   OX ,O,'0'
  X   OXO,X,'1'
  X   X O,O,'013457'
  X   XO ,O,'4'
  X   XOO,X,'0134'
  X  O   ,X,'014'
  X  O  X,O,'4'
  X  O OX,X,'04'
  X  O X ,O,'4'
  X  O XO,X,'0134'
  X  OO X,X,'0'
  X  OOX ,X,'1'
  X  OOXX,O,'3'
  X  OX  ,O,'4'
  X  OX O,X,'0134'
  X  OXO ,X,'0134'
  X  OXOX,O,'4'
  X  OXXO,O,'4'
  X  X  O,O,'67'
  X  X O ,O,'8'
  X  X OO,X,'01346'
  X  XO  ,O,'8'
  X  XO O,X,'01347'
  X  XOO ,X,'8'
  X  XOXO,O,'0'
  X  XXOO,O,'4'
  X O    ,X,'0158'
  X O   X,O,'5'
  X O  OX,X,'15'
  X O  X ,O,'358'
  X O  XO,X,'0'
  X O O X,X,'015'
  X O OX ,X,'058'
  X O OXX,O,'5'
  X O X  ,O,'1357'
  X O X O,X,'0'
  X O XO ,X,'1'
  X O XOX,O,'15'
  X O XXO,O,'035'
  X OO  X,X,'3'
  X OO X ,X,'3'
  X OO XX,O,'3'
  X OOOXX,X,'3'
  X OOX  ,X,'3'
  X OOX X,O,'37'
  X OOXOX,X,'013'
  X OOXX ,O,'38'
  X OOXXO,X,'013'
  X OX   ,O,'8'
  X OX  O,X,'0'
  X OX O ,X,'18'
  X OX XO,O,'0'
  X OXO  ,X,'018'
  X OXOX ,O,'8'
  X OXOXO,X,'0'
  X OXX O,O,'017'
  X OXXO ,O,'18'
  X OXXOO,X,'013'
  X X   O,O,'6'
  X X  O ,O,'013568'
  X X  OO,X,'6'
  X X O  ,O,'08'
  X X O O,X,'7'
  X X OO ,X,'8'
  X X OOX,O,'0135'
  X X OXO,O,'1'
  X XO   ,O,'013678'
  X XO  O,X,'0167'
  X XO O ,X,'0168'
  X XO OX,O,'0136'
  X XO XO,O,'0136'
  X XOO  ,X,'01'
  X XOO X,O,'0'
  X XOOOX,X,'0'
  X XOOX ,O,'1'
  X XOOXO,X,'1'
  X XX OO,O,'6'
  X XXO O,O,'37'
  X XXOO ,O,'8'
  XO     ,X,'048'
  XO    X,O,'014567'
  XO   OX,X,'01456'
  XO   X ,O,'4'
  XO   XO,X,'14'
  XO  O X,X,'05'
  XO  OX ,X,'0'
  XO  OXX,O,'05'
  XO  X  ,O,'4'
  XO  X O,X,'014'
  XO  XO ,X,'01458'
  XO  XOX,O,'0145'
  XO  XXO,O,'4'
  XO O  X,X,'4'
  XO O X ,X,'4'
  XO O XX,O,'46'
  XO OOXX,X,'014'
  XO OX  ,X,'4'
  XO OX X,O,'4'
  XO OXOX,X,'4'
  XO OXX ,O,'4'
  XO OXXO,X,'4'
  XO X   ,O,'8'
  XO X  O,X,'06'
  XO X O ,X,'01468'
  XO X XO,O,'0'
  XO XO  ,X,'08'
  XO XOX ,O,'0'
  XO XOXO,X,'0'
  XO XX O,O,'4'
  XO XXO ,O,'0148'
  XO XXOO,X,'014'
  XOO   X,X,'5'
  XOO  X ,X,'5'
  XOO  XX,O,'5'
  XOO OXX,X,'5'
  XOO X  ,X,'5'
  XOO X X,O,'5'
  XOO XOX,X,'5'
  XOO XX ,O,'58'
  XOO XXO,X,'015'
  XOOX   ,X,'018'
  XOOX X ,O,'8'
  XOOX XO,X,'0'
  XOOXOX ,X,'08'
  XOOXX  ,O,'8'
  XOOXX O,X,'0'
  XOOXXO ,X,'18'
  XOOXXXO,O,'0'
  XOX    ,O,'015678'
  XOX   O,X,'0167'
  XOX  O ,X,'01568'
  XOX  OX,O,'0156'
  XOX  XO,O,'0156'
  XOX O  ,X,'0'
  XOX O X,O,'0'
  XOX OOX,X,'05'
  XOX OX ,O,'0'
  XOX OXO,X,'1'
  XOXO   ,X,'01678'
  XOXO  X,O,'0167'
  XOXO OX,X,'016'
  XOXO X ,O,'0168'
  XOXO XO,X,'016'
  XOXOO X,X,'0'
  XOXOOX ,X,'01'
  XOXOOXX,O,'0'
  XOXX  O,O,'6'
  XOXX O ,O,'0168'
  XOXX OO,X,'6'
  XOXXO  ,O,'08'
  XOXXO O,X,'017'
  XOXXOO ,X,'8'
  XOXXOXO,O,'0'
  XX    O,O,'6'
  XX   O ,O,'4'
  XX   OO,X,'6'
  XX  O  ,O,'8'
  XX  O O,X,'7'
  XX  OO ,X,'8'
  XX  OOX,O,'0145'
  XX  OXO,O,'4'
  XX  XOO,O,'0145'
  XX O   ,O,'06'
  XX O  O,X,'0167'
  XX O O ,X,'06'
  XX O OX,O,'4'
  XX O XO,O,'0146'
  XX OO  ,X,'01'
  XX OO X,O,'014'
  XX OOOX,X,'0'
  XX OOX ,O,'014'
  XX OOXO,X,'1'
  XX OX O,O,'0147'
  XX OXO ,O,'0148'
  XX OXOO,X,'014'
  XX X OO,O,'46'
  XX XO O,O,'47'
  XX XOO ,O,'8'
  XXO    ,O,'017'
  XXO   O,X,'0'
  XXO  O ,X,'1'
  XXO  OX,O,'1'
  XXO  XO,O,'0'
  XXO O  ,X,'018'
  XXO O X,O,'5'
  XXO OOX,X,'15'
  XXO OX ,O,'08'
  XXO OXO,X,'0'
  XXO X O,O,'0'
  XXO XO ,O,'01'
  XXO XOO,X,'0'
  XXOO   ,X,'0'
  XXOO  X,O,'17'
  XXOO OX,X,'1'
  XXOO X ,O,'0'
  XXOO XO,X,'0'
  XXOOO X,X,'01'
  XXOOOX ,X,'01'
  XXOOOXX,O,'01'
  XXOOX  ,O,'0'
  XXOOX O,X,'0'
  XXOOXO ,X,'0'
  XXOOXOX,O,'1'
  XXOOXXO,O,'0'
  XXOX  O,O,'0167'
  XXOX O ,O,'18'
  XXOX OO,X,'016'
  XXOXO  ,O,'8'
  XXOXO O,X,'017'
  XXOXOO ,X,'8'
  XXOXOXO,O,'0'
  XXOXXOO,O,'01'
  XXX  OO,O,'6'
  XXX O O,O,'7'
  XXX OO ,O,'8'
  XXXO  O,O,'6'
  XXXO O ,O,'6'
  XXXO OO,X,'6'
  XXXOO  ,O,'78'
  XXXOO O,X,'7'
  XXXOOO ,X,'8'
  XXXOOOX,O,'0'
  XXXOOXO,O,'1'
 O      X,X,'246'
 O     X ,X,'68'
 O     XX,O,'6'
 O    OXX,X,'02'
 O    X  ,X,'048'
 O    X X,O,'023457'
 O    XOX,X,'4'
 O    XX ,O,'8'
 O    XXO,X,'02'
 O   O XX,X,'046'
 O   OX X,X,'02347'
 O   OXX ,X,'02348'
 O   X   ,X,'24'
 O   X  X,O,'2'
 O   X OX,X,'24'
 O   X X ,O,'68'
 O   X XO,X,'34'
 O   XO X,X,'0234'
 O   XOX ,X,'234'
 O   XOXX,O,'2'
 O   XX  ,O,'4'
 O   XX O,X,'34'
 O   XXO ,X,'4'
 O   XXOX,O,'24'
 O   XXXO,O,'0'
 O  O  XX,X,'256'
 O  O X X,X,'7'
 O  O XX ,X,'038'
 O  OX  X,X,'27'
 O  OX X ,X,'8'
 O  OX XX,O,'0236'
 O  OXOXX,X,'2'
 O  OXX  ,X,'7'
 O  OXX X,O,'7'
 O  OXXX ,O,'8'
 O  OXXXO,X,'0'
 O  X    ,X,'023568'
 O  X   X,O,'023567'
 O  X  OX,X,'02356'
 O  X  X ,O,'02'
 O  X  XO,X,'235'
 O  X O X,X,'0235'
 O  X OX ,X,'035'
 O  X OXX,O,'0'
 O  X X  ,O,'023578'
 O  X X O,X,'0235'
 O  X XO ,X,'02358'
 O  X XOX,O,'0235'
 O  X XXO,O,'2'
 O  XO  X,X,'0267'
 O  XO X ,X,'68'
 O  XO XX,O,'0236'
 O  XOOXX,X,'0'
 O  XOX  ,X,'02378'
 O  XOX X,O,'0237'
 O  XOXOX,X,'023'
 O  XOXX ,O,'0238'
 O  XOXXO,X,'2'
 O  XX   ,O,'023678'
 O  XX  O,X,'236'
 O  XX O ,X,'02368'
 O  XX OX,O,'0236'
 O  XX XO,O,'3'
 O  XXO  ,X,'0238'
 O  XXO X,O,'0237'
 O  XXOOX,X,'023'
 O  XXOX ,O,'3'
 O  XXOXO,X,'3'
 O  XXX O,O,'0237'
 O  XXXO ,O,'0238'
 O  XXXOO,X,'023'
 O O   XX,X,'02456'
 O O  X X,X,'02457'
 O O  XX ,X,'248'
 O O X  X,X,'02467'
 O O X X ,X,'8'
 O O X XX,O,'0246'
 O O XOXX,X,'02'
 O O XX  ,X,'28'
 O O XX X,O,'0247'
 O O XXOX,X,'24'
 O O XXX ,O,'8'
 O O XXXO,X,'24'
 O OOX XX,X,'026'
 O OOXX X,X,'27'
 O OOXXX ,X,'8'
 O OX   X,X,'02567'
 O OX  X ,X,'68'
 O OX  XX,O,'0256'
 O OX OXX,X,'0'
 O OX X  ,X,'0278'
 O OX X X,O,'0257'
 O OX XOX,X,'025'
 O OX XX ,O,'0258'
 O OX XXO,X,'2'
 O OXO XX,X,'026'
 O OXOX X,X,'027'
 O OXOXX ,X,'028'
 O OXX   ,X,'28'
 O OXX  X,O,'0267'
 O OXX OX,X,'026'
 O OXX X ,O,'0'
 O OXX XO,X,'26'
 O OXXO X,X,'02'
 O OXXOX ,X,'0'
 O OXXOXX,O,'0'
 O OXXX  ,O,'2'
 O OXXX O,X,'2'
 O OXXXO ,X,'028'
 O OXXXOX,O,'02'
 O OXXXXO,O,'2'
 O X     ,X,'04'
 O X    X,O,'4'
 O X   OX,X,'4'
 O X   X ,O,'68'
 O X   XO,X,'045'
 O X  O X,X,'45'
 O X  OX ,X,'45'
 O X  OXX,O,'2'
 O X  X  ,O,'0'
 O X  X O,X,'0245'
 O X  XO ,X,'04'
 O X  XOX,O,'04'
 O X  XXO,O,'0'
 O X O  X,X,'06'
 O X O X ,X,'6'
 O X O XX,O,'6'
 O X OOXX,X,'04'
 O X OX  ,X,'02478'
 O X OX X,O,'0247'
 O X OXOX,X,'04'
 O X OXX ,O,'0248'
 O X OXXO,X,'02'
 O X X   ,O,'4'
 O X X  O,X,'046'
 O X X O ,X,'4'
 O X X OX,O,'4'
 O X X XO,O,'4'
 O X XO  ,X,'248'
 O X XO X,O,'0247'
 O X XOOX,X,'24'
 O X XOX ,O,'4'
 O X XOXO,X,'4'
 O X XX O,O,'0247'
 O X XXO ,O,'4'
 O X XXOO,X,'04'
 O XO   X,X,'7'
 O XO  X ,X,'6'
 O XO  XX,O,'6'
 O XO OXX,X,'2'
 O XO X  ,X,'07'
 O XO X X,O,'7'
 O XO XX ,O,'0258'
 O XO XXO,X,'0'
 O XOO XX,X,'6'
 O XOOX X,X,'07'
 O XOOXX ,X,'028'
 O XOX   ,X,'02678'
 O XOX  X,O,'27'
 O XOX X ,O,'02'
 O XOX XO,X,'0'
 O XOXO X,X,'2'
 O XOXOX ,X,'2'
 O XOXOXX,O,'2'
 O XOXX  ,O,'07'
 O XOXX O,X,'0'
 O XOXXXO,O,'0'
 O XX    ,O,'025678'
 O XX   O,X,'0256'
 O XX  O ,X,'02568'
 O XX  OX,O,'0256'
 O XX  XO,O,'5'
 O XX O  ,X,'058'
 O XX O X,O,'0257'
 O XX OOX,X,'025'
 O XX OX ,O,'5'
 O XX OXO,X,'5'
 O XX X O,O,'0257'
 O XX XO ,O,'0258'
 O XX XOO,X,'025'
 O XXO   ,X,'06'
 O XXO  X,O,'0'
 O XXO OX,X,'026'
 O XXO X ,O,'2'
 O XXO XO,X,'2'
 O XXOO X,X,'0'
 O XXOOX ,X,'08'
 O XXOOXX,O,'0'
 O XXOX  ,O,'0278'
 O XXOX O,X,'02'
 O XXOXO ,X,'028'
 O XXOXOX,O,'02'
 O XXOXXO,O,'2'
 OO    XX,X,'06'
 OO   X X,X,'07'
 OO   XX ,X,'08'
 OO  X  X,X,'03467'
 OO  X X ,X,'0'
 OO  X XX,O,'06'
 OO  XOXX,X,'034'
 OO  XX  ,X,'0'
 OO  XX X,O,'07'
 OO  XXOX,X,'034'
 OO  XXX ,O,'0'
 OO  XXXO,X,'0'
 OO OX XX,X,'6'
 OO OXX X,X,'7'
 OO OXXX ,X,'08'
 OO X   X,X,'0'
 OO X  X ,X,'0'
 OO X  XX,O,'0'
 OO X OXX,X,'0'
 OO X X  ,X,'0'
 OO X X X,O,'0'
 OO X XOX,X,'0'
 OO X XX ,O,'08'
 OO X XXO,X,'035'
 OO XO XX,X,'06'
 OO XOX X,X,'07'
 OO XOXX ,X,'8'
 OO XX   ,X,'03'
 OO XX  X,O,'0'
 OO XX OX,X,'03'
 OO XX X ,O,'0'
 OO XX XO,X,'3'
 OO XXO X,X,'03'
 OO XXOX ,X,'03'
 OO XXOXX,O,'0'
 OO XXX  ,O,'0'
 OO XXX O,X,'3'
 OO XXXO ,X,'03'
 OO XXXOX,O,'0'
 OO XXXXO,O,'0'
 OOO X XX,X,'06'
 OOO XX X,X,'07'
 OOO XXX ,X,'8'
 OOOX  XX,X,'06'
 OOOX X X,X,'07'
 OOOX XX ,X,'8'
 OOOXX  X,X,'0'
 OOOXX X ,X,'0'
 OOOXX XX,O,'0'
 OOOXXOXX,X,'0'
 OOOXXX  ,X,'0'
 OOOXXX X,O,'0'
 OOOXXXOX,X,'0'
 OOOXXXX ,O,'0'
 OOOXXXXO,X,'0'
 OOX    X,X,'0'
 OOX   X ,X,'0'
 OOX   XX,O,'06'
 OOX  OXX,X,'045'
 OOX  X  ,X,'0'
 OOX  X X,O,'0'
 OOX  XOX,X,'0'
 OOX  XX ,O,'0'
 OOX  XXO,X,'0'
 OOX O XX,X,'06'
 OOX OX X,X,'07'
 OOX OXX ,X,'08'
 OOX X   ,X,'04'
 OOX X  X,O,'04'
 OOX X OX,X,'4'
 OOX X X ,O,'04'
 OOX X XO,X,'04'
 OOX XO X,X,'4'
 OOX XOX ,X,'4'
 OOX XOXX,O,'04'
 OOX XX  ,O,'0'
 OOX XX O,X,'04'
 OOX XXO ,X,'04'
 OOX XXOX,O,'04'
 OOX XXXO,O,'0'
 OOXO  XX,X,'6'
 OOXO X X,X,'07'
 OOXO XX ,X,'08'
 OOXOX  X,X,'067'
 OOXOX X ,X,'068'
 OOXOX XX,O,'06'
 OOXOXX  ,X,'0'
 OOXOXX X,O,'07'
 OOXOXXX ,O,'0'
 OOXOXXXO,X,'0'
 OOXX    ,X,'05'
 OOXX   X,O,'0'
 OOXX  OX,X,'05'
 OOXX  X ,O,'05'
 OOXX  XO,X,'5'
 OOXX O X,X,'05'
 OOXX OX ,X,'05'
 OOXX OXX,O,'0'
 OOXX X  ,O,'0'
 OOXX X O,X,'05'
 OOXX XO ,X,'05'
 OOXX XOX,O,'0'
 OOXX XXO,O,'05'
 OOXXO  X,X,'0'
 OOXXO X ,X,'068'
 OOXXO XX,O,'0'
 OOXXOOXX,X,'0'
 OOXXOX  ,X,'0'
 OOXXOX X,O,'0'
 OOXXOXOX,X,'0'
 OOXXOXX ,O,'08'
 OX      ,X,'458'
 OX     X,O,'034567'
 OX    OX,X,'45'
 OX    X ,O,'68'
 OX    XO,X,'46'
 OX   O X,X,'045'
 OX   OX ,X,'58'
 OX   OXX,O,'5'
 OX   X  ,O,'4'
 OX   X O,X,'034'
 OX   XO ,X,'4'
 OX   XOX,O,'4'
 OX   XXO,O,'4'
 OX  O  X,X,'46'
 OX  O X ,X,'6'
 OX  O XX,O,'6'
 OX  OOXX,X,'04'
 OX  OX  ,X,'03478'
 OX  OX X,O,'0347'
 OX  OXOX,X,'4'
 OX  OXX ,O,'0348'
 OX  OXXO,X,'034'
 OX  X   ,O,'034678'
 OX  X  O,X,'4'
 OX  X O ,X,'48'
 OX  X XO,O,'4'
 OX  XO  ,X,'348'
 OX  XOX ,O,'8'
 OX  XOXO,X,'34'
 OX  XX O,O,'4'
 OX  XXO ,O,'4'
 OX  XXOO,X,'4'
 OX O   X,X,'57'
 OX O  X ,X,'8'
 OX O  XX,O,'0356'
 OX O OXX,X,'5'
 OX O X  ,X,'7'
 OX O X X,O,'7'
 OX O XX ,O,'8'
 OX O XXO,X,'0'
 OX OO XX,X,'6'
 OX OOX X,X,'7'
 OX OOXX ,X,'38'
 OX OX   ,X,'8'
 OX OX X ,O,'8'
 OX OX XO,X,'0'
 OX OXOX ,X,'8'
 OX OXX  ,O,'78'
 OX OXX O,X,'037'
 OX OXXXO,O,'0'
 OX X    ,O,'035678'
 OX X   O,X,'356'
 OX X  O ,X,'03568'
 OX X  OX,O,'0356'
 OX X  XO,O,'6'
 OX X O  ,X,'58'
 OX X O X,O,'0357'
 OX X OOX,X,'035'
 OX X OX ,O,'03'
 OX X OXO,X,'35'
 OX XO   ,X,'068'
 OX XO  X,O,'0367'
 OX XO OX,X,'036'
 OX XO X ,O,'6'
 OX XO XO,X,'6'
 OX XOO X,X,'0'
 OX XOOX ,X,'08'
 OX XOOXX,O,'0'
 OX XX  O,O,'0367'
 OX XX O ,O,'0368'
 OX XX OO,X,'36'
 OX XXO  ,O,'0378'
 OX XXO O,X,'3'
 OX XXOO ,X,'38'
 OX XXOXO,O,'3'
 OXO    X,X,'04567'
 OXO   X ,X,'68'
 OXO   XX,O,'0456'
 OXO  OXX,X,'05'
 OXO  X  ,X,'4578'
 OXO  X X,O,'0457'
 OXO  XOX,X,'45'
 OXO  XX ,O,'0458'
 OXO  XXO,X,'4'
 OXO O XX,X,'46'
 OXO OX X,X,'47'
 OXO OXX ,X,'48'
 OXO X   ,X,'468'
 OXO X X ,O,'8'
 OXO X XO,X,'46'
 OXO XOX ,X,'8'
 OXO XX  ,O,'0478'
 OXO XX O,X,'4'
 OXO XXO ,X,'48'
 OXO XXXO,O,'4'
 OXOO  XX,X,'56'
 OXOO X X,X,'57'
 OXOO XX ,X,'8'
 OXOOX X ,X,'8'
 OXOOXX  ,X,'8'
 OXOOXXX ,O,'8'
 OXOOXXXO,X,'0'
 OXOX    ,X,'0568'
 OXOX   X,O,'0567'
 OXOX  OX,X,'056'
 OXOX  X ,O,'6'
 OXOX  XO,X,'6'
 OXOX O X,X,'05'
 OXOX OX ,X,'0'
 OXOX OXX,O,'0'
 OXOXO  X,X,'067'
 OXOXO X ,X,'068'
 OXOXO XX,O,'06'
 OXOXOOXX,X,'0'
 OXOXX   ,O,'0678'
 OXOXX  O,X,'6'
 OXOXX O ,X,'068'
 OXOXX XO,O,'6'
 OXOXXO  ,X,'8'
 OXOXXOX ,O,'0'
 OXOXXOXO,X,'0'
 OXX     ,O,'4'
 OXX    O,X,'46'
 OXX   O ,X,'4'
 OXX   OX,O,'4'
 OXX   XO,O,'4'
 OXX  O  ,X,'5'
 OXX  O X,O,'5'
 OXX  OOX,X,'45'
 OXX  OX ,O,'458'
 OXX  OXO,X,'45'
 OXX  X O,O,'0457'
 OXX  XO ,O,'4'
 OXX  XOO,X,'04'
 OXX O   ,X,'6'
 OXX O  X,O,'4'
 OXX O OX,X,'4'
 OXX O X ,O,'6'
 OXX O XO,X,'6'
 OXX OO X,X,'04'
 OXX OOX ,X,'048'
 OXX OOXX,O,'04'
 OXX OX  ,O,'0478'
 OXX OX O,X,'047'
 OXX OXO ,X,'04'
 OXX OXOX,O,'4'
 OXX OXXO,O,'04'
 OXX X  O,O,'4'
 OXX X O ,O,'4'
 OXX X OO,X,'4'
 OXX XO  ,O,'0478'
 OXX XO O,X,'4'
 OXX XOO ,X,'48'
 OXX XOXO,O,'4'
 OXX XXOO,O,'4'
 OXXO    ,X,'7'
 OXXO   X,O,'7'
 OXXO  X ,O,'8'
 OXXO  XO,X,'0'
 OXXO O X,X,'5'
 OXXO OX ,X,'58'
 OXXO OXX,O,'5'
 OXXO X  ,O,'07'
 OXXO X O,X,'0'
 OXXO XXO,O,'0'
 OXXOO  X,X,'7'
 OXXOO X ,X,'6'
 OXXOO XX,O,'6'
 OXXOOOXX,X,'0'
 OXXOOX  ,X,'07'
 OXXOOX X,O,'7'
 OXXOOXX ,O,'08'
 OXXOOXXO,X,'0'
 OXXOX   ,O,'78'
 OXXOX  O,X,'067'
 OXXOX XO,O,'0'
 OXXOXO  ,X,'8'
 OXXOXOX ,O,'8'
 OXXOXOXO,X,'0'
 OXXOXX O,O,'07'
 OXXX   O,O,'0567'
 OXXX  O ,O,'0568'
 OXXX  OO,X,'56'
 OXXX O  ,O,'5'
 OXXX O O,X,'5'
 OXXX OO ,X,'58'
 OXXX OOX,O,'05'
 OXXX OXO,O,'5'
 OXXXO   ,O,'6'
 OXXXO  O,X,'6'
 OXXXO O ,X,'068'
 OXXXO OX,O,'06'
 OXXXO XO,O,'6'
 OXXXOO  ,X,'08'
 OXXXOO X,O,'0'
 OXXXOOOX,X,'0'
 OXXXOOX ,O,'08'
 OXXXOOXO,X,'0'
 X       ,O,'02'
 X      O,X,'2'
 X     O ,X,'02'
 X     OX,O,'02'
 X     XO,O,'4'
 X    O  ,X,'0'
 X    O X,O,'0'
 X    OOX,X,'0235'
 X    OX ,O,'4'
 X    OXO,X,'024'
 X    X O,O,'2'
 X    XO ,O,'02'
 X    XOO,X,'0235'
 X   O   ,X,'24'
 X   O  X,O,'4'
 X   O OX,X,'0'
 X   O X ,O,'4'
 X   O XO,X,'24'
 X   OO X,X,'04'
 X   OOX ,X,'024'
 X   OOXX,O,'4'
 X   OX  ,O,'4'
 X   OX O,X,'2'
 X   OXO ,X,'02'
 X   OXOX,O,'4'
 X   OXXO,O,'24'
 X   X  O,O,'6'
 X   X O ,O,'02'
 X   X OO,X,'6'
 X   XO  ,O,'08'
 X   XO O,X,'02347'
 X   XOO ,X,'8'
 X   XOOX,O,'0234'
 X   XOXO,O,'4'
 X   XXOO,O,'0234'
 X  O    ,X,'02'
 X  O   X,O,'235'
 X  O  OX,X,'2'
 X  O  X ,O,'023568'
 X  O  XO,X,'02356'
 X  O O X,X,'2'
 X  O OX ,X,'02358'
 X  O OXX,O,'0235'
 X  O X  ,O,'035'
 X  O X O,X,'0'
 X  O XO ,X,'0'
 X  O XOX,O,'35'
 X  O XXO,O,'0235'
 X  OO  X,X,'3'
 X  OO X ,X,'02368'
 X  OO XX,O,'36'
 X  OOOXX,X,'023'
 X  OOX  ,X,'3'
 X  OOX X,O,'3'
 X  OOXOX,X,'3'
 X  OOXX ,O,'38'
 X  OOXXO,X,'023'
 X  OX   ,O,'028'
 X  OX  O,X,'0'
 X  OX O ,X,'2'
 X  OX OX,O,'2'
 X  OX XO,O,'026'
 X  OXO  ,X,'2'
 X  OXO X,O,'2'
 X  OXOOX,X,'2'
 X  OXOX ,O,'0238'
 X  OXOXO,X,'023'
 X  OXX O,O,'0'
 X  OXXO ,O,'0'
 X  OXXOO,X,'0'
 X  X   O,O,'7'
 X  X  O ,O,'68'
 X  X  OO,X,'6'
 X  X O  ,O,'7'
 X  X O O,X,'7'
 X  X OO ,X,'8'
 X  X OOX,O,'0'
 X  X XOO,O,'2'
 X  XO   ,O,'023678'
 X  XO  O,X,'27'
 X  XO O ,X,'02'
 X  XO OX,O,'0'
 X  XOO  ,X,'0278'
 X  XOO X,O,'0237'
 X  XOOOX,X,'0'
 X  XOX O,O,'2'
 X  XOXO ,O,'2'
 X  XOXOO,X,'2'
 X  XX OO,O,'6'
 X  XXO O,O,'7'
 X  XXOO ,O,'38'
 X O     ,X,'04'
 X O    X,O,'4'
 X O   OX,X,'02'
 X O   X ,O,'4'
 X O   XO,X,'024'
 X O  O X,X,'0'
 X O  OX ,X,'04'
 X O  OXX,O,'04'
 X O  X  ,O,'4'
 X O  X O,X,'24'
 X O  XO ,X,'2'
 X O  XOX,O,'4'
 X O  XXO,O,'4'
 X O O  X,X,'4'
 X O O X ,X,'4'
 X O O XX,O,'4'
 X O OOXX,X,'4'
 X O OX  ,X,'4'
 X O OX X,O,'4'
 X O OXOX,X,'4'
 X O OXX ,O,'4'
 X O OXXO,X,'4'
 X O X   ,O,'28'
 X O X  O,X,'047'
 X O X O ,X,'2'
 X O X OX,O,'2'
 X O X XO,O,'4'
 X O XO  ,X,'0'
 X O XO X,O,'02'
 X O XOOX,X,'02'
 X O XOX ,O,'04'
 X O XOXO,X,'04'
 X O XX O,O,'4'
 X O XXO ,O,'2'
 X O XXOO,X,'2'
 X OO   X,X,'5'
 X OO  X ,X,'02568'
 X OO  XX,O,'56'
 X OO OXX,X,'025'
 X OO X  ,X,'5'
 X OO X X,O,'5'
 X OO XOX,X,'5'
 X OO XX ,O,'58'
 X OO XXO,X,'025'
 X OOX   ,X,'2'
 X OOX  X,O,'2'
 X OOX OX,X,'2'
 X OOX X ,O,'06'
 X OOX XO,X,'0'
 X OOXO X,X,'2'
 X OOXOX ,X,'028'
 X OOXOXX,O,'02'
 X OOXX  ,O,'8'
 X OOXX O,X,'0'
 X OOXXO ,X,'2'
 X OOXXOX,O,'2'
 X OOXXXO,O,'0'
 X OX    ,O,'025678'
 X OX   O,X,'0267'
 X OX  O ,X,'02'
 X OX  OX,O,'0'
 X OX O  ,X,'07'
 X OX O X,O,'0'
 X OX OOX,X,'0'
 X OX X O,O,'0257'
 X OX XO ,O,'2'
 X OX XOO,X,'2'
 X OXO   ,X,'02678'
 X OXO  X,O,'0267'
 X OXO OX,X,'026'
 X OXOO X,X,'07'
 X OXOX  ,O,'0278'
 X OXOX O,X,'27'
 X OXOXO ,X,'028'
 X OXOXOX,O,'02'
 X OXX  O,O,'7'
 X OXX O ,O,'6'
 X OXX OO,X,'6'
 X OXXO  ,O,'07'
 X OXXO O,X,'7'
 X OXXOO ,X,'028'
 X OXXOOX,O,'0'
 X OXXXOO,O,'2'
 X X    O,O,'26'
 X X   O ,O,'02'
 X X   OO,X,'6'
 X X  O  ,O,'8'
 X X  O O,X,'02457'
 X X  OO ,X,'8'
 X X  OOX,O,'0245'
 X X  OXO,O,'4'
 X X  XOO,O,'0245'
 X X O   ,O,'06'
 X X O  O,X,'2'
 X X O O ,X,'0'
 X X O OX,O,'0'
 X X O XO,O,'24'
 X X OO  ,X,'247'
 X X OO X,O,'4'
 X X OOOX,X,'0'
 X X OOX ,O,'4'
 X X OOXO,X,'24'
 X X OX O,O,'02'
 X X OXO ,O,'0'
 X X OXOO,X,'02'
 X X X OO,O,'46'
 X X XO O,O,'47'
 X X XOO ,O,'48'
 X XO    ,O,'026'
 X XO   O,X,'0'
 X XO  O ,X,'0'
 X XO  OX,O,'2'
 X XO  XO,O,'0256'
 X XO O  ,X,'2'
 X XO O X,O,'2'
 X XO OOX,X,'2'
 X XO OX ,O,'028'
 X XO OXO,X,'025'
 X XO X O,O,'0'
 X XO XO ,O,'0'
 X XO XOO,X,'0'
 X XOO   ,X,'0'
 X XOO  X,O,'6'
 X XOO OX,X,'0'
 X XOO X ,O,'28'
 X XOO XO,X,'026'
 X XOOO X,X,'2'
 X XOOOX ,X,'2'
 X XOOOXX,O,'2'
 X XOOX  ,O,'0'
 X XOOX O,X,'0'
 X XOOXO ,X,'0'
 X XOOXOX,O,'0'
 X XOOXXO,O,'02'
 X XOX  O,O,'0267'
 X XOX O ,O,'68'
 X XOX OO,X,'026'
 X XOXO  ,O,'0278'
 X XOXO O,X,'027'
 X XOXOO ,X,'028'
 X XOXOOX,O,'2'
 X XOXOXO,O,'02'
 X XOXXOO,O,'0'
 X XX  OO,O,'56'
 X XX O O,O,'7'
 X XX OO ,O,'8'
 X XXO  O,O,'27'
 X XXO O ,O,'8'
 X XXO OO,X,'026'
 X XXOO  ,O,'7'
 X XXOO O,X,'7'
 X XXOOO ,X,'8'
 X XXOOOX,O,'0'
 X XXOXOO,O,'2'
 XO      ,X,'4'
 XO     X,O,'4'
 XO    OX,X,'04'
 XO    X ,O,'4'
 XO    XO,X,'4'
 XO   O X,X,'4'
 XO   OX ,X,'4'
 XO   OXX,O,'4'
 XO   X  ,O,'8'
 XO   X O,X,'5'
 XO   XO ,X,'03'
 XO   XOX,O,'034'
 XO   XXO,O,'45'
 XO  O  X,X,'3467'
 XO  O X ,X,'48'
 XO  O XX,O,'0346'
 XO  OOXX,X,'4'
 XO  OX  ,X,'8'
 XO  OX X,O,'0347'
 XO  OXOX,X,'0'
 XO  OXX ,O,'8'
 XO  X   ,O,'4'
 XO  X  O,X,'4'
 XO  X O ,X,'34'
 XO  X OX,O,'4'
 XO  X XO,O,'4'
 XO  XO  ,X,'4'
 XO  XO X,O,'034'
 XO  XOOX,X,'4'
 XO  XOX ,O,'4'
 XO  XOXO,X,'4'
 XO  XX O,O,'4'
 XO  XXO ,O,'034'
 XO  XXOO,X,'3'
 XO O   X,X,'6'
 XO O  X ,X,'03568'
 XO O  XX,O,'6'
 XO O X  ,X,'038'
 XO O X X,O,'7'
 XO O XOX,X,'03'
 XO O XX ,O,'8'
 XO O XXO,X,'035'
 XO OO XX,X,'6'
 XO OOX X,X,'37'
 XO OOXX ,X,'8'
 XO OX   ,X,'6'
 XO OX  X,O,'6'
 XO OX OX,X,'6'
 XO OX X ,O,'068'
 XO OX XO,X,'036'
 XO OXX  ,O,'08'
 XO OXX O,X,'0'
 XO OXXO ,X,'03'
 XO OXXOX,O,'03'
 XO OXXXO,O,'0'
 XO X    ,O,'7'
 XO X   O,X,'57'
 XO X  O ,X,'358'
 XO X  OX,O,'0'
 XO X O  ,X,'03578'
 XO X O X,O,'0357'
 XO X OOX,X,'035'
 XO X X O,O,'5'
 XO X XO ,O,'58'
 XO X XOO,X,'5'
 XO XO   ,X,'78'
 XO XO  X,O,'0367'
 XO XO OX,X,'0'
 XO XOO X,X,'037'
 XO XOX  ,O,'8'
 XO XOXO ,X,'8'
 XO XOXOX,O,'0'
 XO XX  O,O,'0367'
 XO XX O ,O,'3'
 XO XX OO,X,'3'
 XO XXO  ,O,'0378'
 XO XXO O,X,'37'
 XO XXOO ,X,'38'
 XO XXOOX,O,'03'
 XO XXXOO,O,'3'
 XOO    X,X,'47'
 XOO   X ,X,'468'
 XOO   XX,O,'0456'
 XOO  OXX,X,'4'
 XOO  X  ,X,'7'
 XOO  X X,O,'7'
 XOO  XOX,X,'04'
 XOO  XX ,O,'0458'
 XOO  XXO,X,'4'
 XOO O XX,X,'46'
 XOO OX X,X,'47'
 XOO OXX ,X,'48'
 XOO X   ,X,'47'
 XOO X  X,O,'6'
 XOO X OX,X,'04'
 XOO X X ,O,'4'
 XOO X XO,X,'4'
 XOO XO X,X,'047'
 XOO XOX ,X,'4'
 XOO XOXX,O,'04'
 XOO XX  ,O,'478'
 XOO XX O,X,'47'
 XOO XXO ,X,'048'
 XOO XXOX,O,'04'
 XOO XXXO,O,'4'
 XOOO  XX,X,'6'
 XOOO X X,X,'7'
 XOOO XX ,X,'8'
 XOOOX  X,X,'6'
 XOOOX X ,X,'6'
 XOOOX XX,O,'6'
 XOOOXX  ,X,'78'
 XOOOXX X,O,'7'
 XOOOXXOX,X,'0'
 XOOOXXX ,O,'8'
 XOOOXXXO,X,'0'
 XOOX    ,X,'078'
 XOOX   X,O,'0567'
 XOOX  OX,X,'0'
 XOOX O X,X,'07'
 XOOX X  ,O,'7'
 XOOX X O,X,'7'
 XOOX XO ,X,'08'
 XOOX XOX,O,'0'
 XOOXO  X,X,'067'
 XOOXOX  ,X,'78'
 XOOXOX X,O,'07'
 XOOXOXOX,X,'0'
 XOOXX   ,O,'7'
 XOOXX  O,X,'7'
 XOOXX O ,X,'08'
 XOOXX OX,O,'0'
 XOOXXO  ,X,'07'
 XOOXXO X,O,'0'
 XOOXXOOX,X,'0'
 XOOXXX O,O,'7'
 XOOXXXO ,O,'08'
 XOOXXXOO,X,'0'
 XOX     ,O,'8'
 XOX    O,X,'04567'
 XOX   O ,X,'456'
 XOX   OX,O,'4'
 XOX   XO,O,'45'
 XOX  O  ,X,'4'
 XOX  O X,O,'4'
 XOX  OOX,X,'4'
 XOX  OX ,O,'4'
 XOX  OXO,X,'4'
 XOX  X O,O,'05'
 XOX  XO ,O,'0'
 XOX  XOO,X,'05'
 XOX O   ,X,'8'
 XOX O  X,O,'0467'
 XOX O OX,X,'0'
 XOX O X ,O,'48'
 XOX OO X,X,'4'
 XOX OOX ,X,'4'
 XOX OOXX,O,'4'
 XOX OX  ,O,'8'
 XOX OXO ,X,'0'
 XOX OXOX,O,'0'
 XOX X  O,O,'4'
 XOX X O ,O,'4'
 XOX X OO,X,'46'
 XOX XO  ,O,'4'
 XOX XO O,X,'4'
 XOX XOO ,X,'4'
 XOX XOOX,O,'4'
 XOX XOXO,O,'4'
 XOX XXOO,O,'04'
 XOXO    ,X,'6'
 XOXO   X,O,'6'
 XOXO  OX,X,'6'
 XOXO  X ,O,'0568'
 XOXO  XO,X,'056'
 XOXO X  ,O,'0'
 XOXO X O,X,'0'
 XOXO XO ,X,'0'
 XOXO XOX,O,'0'
 XOXO XXO,O,'05'
 XOXOO  X,X,'6'
 XOXOO X ,X,'068'
 XOXOO XX,O,'6'
 XOXOOX  ,X,'08'
 XOXOOX X,O,'07'
 XOXOOXOX,X,'0'
 XOXOOXX ,O,'8'
 XOXOX   ,O,'068'
 XOXOX  O,X,'067'
 XOXOX O ,X,'6'
 XOXOX OX,O,'6'
 XOXOX XO,O,'06'
 XOXOXX O,O,'0'
 XOXOXXO ,O,'0'
 XOXOXXOO,X,'0'
 XOXX   O,O,'5'
 XOXX  O ,O,'5'
 XOXX  OO,X,'5'
 XOXX O  ,O,'0578'
 XOXX O O,X,'57'
 XOXX OO ,X,'58'
 XOXX OOX,O,'05'
 XOXX XOO,O,'5'
 XOXXO   ,O,'8'
 XOXXO O ,X,'8'
 XOXXO OX,O,'0'
 XOXXOO  ,X,'78'
 XOXXOO X,O,'07'
 XOXXOOOX,X,'0'
 XOXXOXO ,O,'8'
 XX     O,O,'034567'
 XX    O ,O,'0'
 XX    OO,X,'06'
 XX   O  ,O,'0'
 XX   O O,X,'07'
 XX   OO ,X,'08'
 XX   OOX,O,'0345'
 XX   OXO,O,'0345'
 XX   XOO,O,'0345'
 XX  O   ,O,'034678'
 XX  O  O,X,'03467'
 XX  O O ,X,'046'
 XX  O OX,O,'0'
 XX  O XO,O,'0346'
 XX  OO  ,X,'047'
 XX  OO X,O,'0'
 XX  OOOX,X,'0'
 XX  OOX ,O,'0348'
 XX  OOXO,X,'034'
 XX  OX O,O,'0347'
 XX  OXO ,O,'0348'
 XX  OXOO,X,'034'
 XX  X OO,O,'06'
 XX  XO O,O,'07'
 XX  XOO ,O,'8'
 XX O    ,O,'0'
 XX O   O,X,'0'
 XX O  O ,X,'058'
 XX O  OX,O,'0356'
 XX O  XO,O,'0'
 XX O O  ,X,'058'
 XX O O X,O,'0357'
 XX O OOX,X,'035'
 XX O OX ,O,'0'
 XX O OXO,X,'0'
 XX O X O,O,'0'
 XX O XO ,O,'0'
 XX O XOO,X,'0'
 XX OO   ,X,'0'
 XX OO  X,O,'3'
 XX OO OX,X,'0'
 XX OO X ,O,'03'
 XX OO XO,X,'0'
 XX OOO X,X,'0'
 XX OOOX ,X,'0'
 XX OOOXX,O,'3'
 XX OOX  ,O,'03'
 XX OOX O,X,'0'
 XX OOXO ,X,'0'
 XX OOXOX,O,'3'
 XX OOXXO,O,'03'
 XX OX  O,O,'0'
 XX OX O ,O,'0368'
 XX OX OO,X,'0'
 XX OXO  ,O,'0378'
 XX OXO O,X,'0'
 XX OXOO ,X,'08'
 XX OXOXO,O,'0'
 XX OXXOO,O,'0'
 XX X  OO,O,'6'
 XX X O O,O,'7'
 XX X OO ,O,'08'
 XX XO  O,O,'0367'
 XX XO O ,O,'0368'
 XX XO OO,X,'06'
 XX XOO  ,O,'0378'
 XX XOO O,X,'07'
 XX XOOO ,X,'0'
 XX XOOOX,O,'0'
 XXO     ,O,'0'
 XXO    O,X,'0467'
 XXO   O ,X,'04568'
 XXO   OX,O,'0456'
 XXO   XO,O,'0456'
 XXO  O  ,X,'0'
 XXO  O X,O,'0'
 XXO  OOX,X,'05'
 XXO  OX ,O,'0'
 XXO  OXO,X,'04'
 XXO  X O,O,'0457'
 XXO  XO ,O,'0458'
 XXO  XOO,X,'045'
 XXO O   ,X,'04'
 XXO O  X,O,'04'
 XXO O OX,X,'04'
 XXO O X ,O,'4'
 XXO O XO,X,'04'
 XXO OO X,X,'0'
 XXO OOX ,X,'04'
 XXO OOXX,O,'04'
 XXO OX  ,O,'4'
 XXO OX O,X,'04'
 XXO OXO ,X,'04'
 XXO OXOX,O,'4'
 XXO OXXO,O,'4'
 XXO X  O,O,'0'
 XXO X O ,O,'0468'
 XXO X OO,X,'06'
 XXO XO  ,O,'0'
 XXO XO O,X,'0'
 XXO XOO ,X,'08'
 XXO XOXO,O,'0'
 XXO XXOO,O,'04'
 XXOO    ,X,'05'
 XXOO   X,O,'5'
 XXOO  OX,X,'05'
 XXOO  X ,O,'05'
 XXOO  XO,X,'0'
 XXOO O X,X,'05'
 XXOO OX ,X,'0'
 XXOO OXX,O,'05'
 XXOO X  ,O,'05'
 XXOO X O,X,'0'
 XXOO XO ,X,'05'
 XXOO XOX,O,'5'
 XXOO XXO,O,'05'
 XXOOX   ,O,'0678'
 XXOOX  O,X,'0'
 XXOOX O ,X,'068'
 XXOOX XO,O,'0'
 XXOOXO  ,X,'08'
 XXOOXOX ,O,'0'
 XXOOXOXO,X,'0'
 XXOOXX O,O,'0'
 XXOOXXO ,O,'08'
 XXOOXXOO,X,'0'
 XXOX   O,O,'0567'
 XXOX  O ,O,'0568'
 XXOX  OO,X,'06'
 XXOX O  ,O,'0'
 XXOX O O,X,'07'
 XXOX OO ,X,'0'
 XXOX OOX,O,'0'
 XXOXO   ,O,'0678'
 XXOXO  O,X,'067'
 XXOXO O ,X,'068'
 XXOXO OX,O,'06'
 XXOXOO  ,X,'07'
 XXOXOO X,O,'0'
 XXOXOOOX,X,'0'
 XXOXX OO,O,'6'
 XXOXXO O,O,'07'
 XXOXXOO ,O,'08'
 XXX   OO,O,'06'
 XXX  O O,O,'07'
 XXX  OO ,O,'8'
 XXX O  O,O,'0467'
 XXX O O ,O,'0'
 XXX O OO,X,'06'
 XXX OO  ,O,'0'
 XXX OO O,X,'07'
 XXX OOO ,X,'0'
 XXX OOOX,O,'0'
 XXX OOXO,O,'04'
 XXX OXOO,O,'04'
 XXXO   O,O,'0'
 XXXO  O ,O,'0'
 XXXO  OO,X,'0'
 XXXO O  ,O,'0'
 XXXO O O,X,'0'
 XXXO OO ,X,'08'
 XXXO OOX,O,'05'
 XXXO OXO,O,'0'
 XXXO XOO,O,'0'
 XXXOO   ,O,'0'
 XXXOO  O,X,'0'
 XXXOO O ,X,'0'
 XXXOO OX,O,'0'
 XXXOO XO,O,'0'
 XXXOOO  ,X,'0'
 XXXOOO X,O,'0'
 XXXOOOOX,X,'0'
 XXXOOOX ,O,'0'
 XXXOOOXO,X,'0'
 XXXOOX O,O,'0'
 XXXOOXO ,O,'0'
 XXXOOXOO,X,'0'
 XXXOX OO,O,'06'
 XXXOXO O,O,'07'
 XXXOXOO ,O,'8'
 XXXXO OO,O,'6'
 XXXXOO O,O,'7'
 XXXXOOO ,O,'8'
O       X,X,'26'
O      X ,X,'6'
O      XX,O,'6'
O     OXX,X,'12345'
O     X  ,X,'278'
O     X X,O,'123457'
O     XOX,X,'2'
O     XX ,O,'123458'
O     XXO,X,'4'
O    O XX,X,'146'
O    OX X,X,'247'
O    OXX ,X,'1248'
O    X   ,X,'2'
O    X  X,O,'2'
O    X OX,X,'234'
O    X X ,O,'26'
O    X XO,X,'4'
O    XO X,X,'23'
O    XOX ,X,'12348'
O    XOXX,O,'23'
O    XX  ,O,'2'
O    XX O,X,'4'
O    XXO ,X,'24'
O    XXOX,O,'2'
O    XXXO,O,'124'
O   O  XX,X,'256'
O   O X X,X,'257'
O   O XX ,X,'8'
O   OX  X,X,'267'
O   OX X ,X,'8'
O   OX XX,O,'1236'
O   OXOXX,X,'2'
O   OXX  ,X,'8'
O   OXX X,O,'1237'
O   OXXOX,X,'2'
O   OXXX ,O,'8'
O   X    ,X,'123567'
O   X   X,O,'26'
O   X  OX,X,'25'
O   X  X ,O,'1'
O   X  XO,X,'12356'
O   X O X,X,'3'
O   X OX ,X,'13'
O   X OXX,O,'13'
O   X X  ,O,'2'
O   X X O,X,'12357'
O   X XO ,X,'235'
O   X XOX,O,'2'
O   X XXO,O,'1235'
O   XO  X,X,'67'
O   XO X ,X,'1268'
O   XO XX,O,'1236'
O   XOOXX,X,'1'
O   XOX  ,X,'1278'
O   XOX X,O,'1237'
O   XOXOX,X,'2'
O   XOXX ,O,'1238'
O   XOXXO,X,'12'
O   XX   ,O,'3'
O   XX  O,X,'12367'
O   XX O ,X,'2368'
O   XX OX,O,'1236'
O   XX XO,O,'1236'
O   XXO  ,X,'3'
O   XXO X,O,'3'
O   XXOOX,X,'23'
O   XXOX ,O,'3'
O   XXOXO,X,'13'
O   XXX O,O,'1237'
O   XXXO ,O,'1238'
O   XXXOO,X,'123'
O  O   XX,X,'6'
O  O  X X,X,'12457'
O  O  XX ,X,'12458'
O  O X  X,X,'26'
O  O X X ,X,'6'
O  O X XX,O,'6'
O  O XX  ,X,'1278'
O  O XX X,O,'1247'
O  O XXOX,X,'2'
O  O XXX ,O,'1248'
O  O XXXO,X,'4'
O  OOX XX,X,'26'
O  OOXX X,X,'127'
O  OOXXX ,X,'8'
O  OX   X,X,'6'
O  OX  X ,X,'16'
O  OX  XX,O,'6'
O  OX X  ,X,'1278'
O  OX X X,O,'1257'
O  OX XOX,X,'2'
O  OX XX ,O,'1258'
O  OX XXO,X,'125'
O  OXO XX,X,'16'
O  OXOX X,X,'127'
O  OXOXX ,X,'128'
O  OXX   ,X,'6'
O  OXX  X,O,'26'
O  OXX OX,X,'2'
O  OXX X ,O,'16'
O  OXX XO,X,'16'
O  OXXX  ,O,'2'
O  OXXX O,X,'127'
O  OXXXO ,X,'2'
O  OXXXOX,O,'2'
O  OXXXXO,O,'12'
O  X     ,X,'4'
O  X    X,O,'2'
O  X   OX,X,'5'
O  X   X ,O,'2'
O  X   XO,X,'4'
O  X  O X,X,'5'
O  X  OX ,X,'4'
O  X  OXX,O,'2'
O  X  X  ,O,'12'
O  X  X O,X,'4'
O  X  XO ,X,'4'
O  X  XOX,O,'1'
O  X  XXO,O,'1245'
O  X O  X,X,'67'
O  X O X ,X,'148'
O  X O XX,O,'6'
O  X OOXX,X,'14'
O  X OX  ,X,'28'
O  X OX X,O,'7'
O  X OXOX,X,'24'
O  X OXX ,O,'8'
O  X OXXO,X,'124'
O  X X   ,O,'4'
O  X X  O,X,'4'
O  X X O ,X,'248'
O  X X OX,O,'1246'
O  X X XO,O,'4'
O  X XO  ,X,'248'
O  X XO X,O,'1247'
O  X XOOX,X,'124'
O  X XOX ,O,'4'
O  X XOXO,X,'4'
O  X XX O,O,'4'
O  X XXO ,O,'4'
O  X XXOO,X,'4'
O  XO   X,X,'267'
O  XO  X ,X,'8'
O  XO  XX,O,'6'
O  XO OXX,X,'2'
O  XO X  ,X,'8'
O  XO X X,O,'7'
O  XO XOX,X,'1'
O  XO XX ,O,'8'
O  XOO XX,X,'6'
O  XOOX X,X,'7'
O  XOOXX ,X,'8'
O  XOX   ,X,'12678'
O  XOX  X,O,'2'
O  XOX OX,X,'2'
O  XOX X ,O,'1268'
O  XOXO X,X,'2'
O  XOXOX ,X,'128'
O  XOXOXX,O,'2'
O  XOXX  ,O,'1278'
O  XOXXO ,X,'128'
O  XOXXOX,O,'1'
O  XX    ,O,'5'
O  XX   O,X,'12567'
O  XX  O ,X,'256'
O  XX  OX,O,'5'
O  XX  XO,O,'1256'
O  XX O  ,X,'157'
O  XX O X,O,'5'
O  XX OOX,X,'5'
O  XX OX ,O,'1258'
O  XX OXO,X,'125'
O  XX X O,O,'1257'
O  XX XO ,O,'1258'
O  XX XOO,X,'125'
O  XXO   ,X,'127'
O  XXO  X,O,'12'
O  XXO OX,X,'26'
O  XXO X ,O,'1'
O  XXO XO,X,'12'
O  XXOO X,X,'17'
O  XXOOX ,X,'1'
O  XXOOXX,O,'1'
O  XXOX  ,O,'2'
O  XXOX O,X,'2'
O  XXOXO ,X,'2'
O  XXOXOX,O,'2'
O  XXOXXO,O,'2'
O O    XX,X,'16'
O O   X X,X,'7'
O O   XX ,X,'18'
O O  X  X,X,'13467'
O O  X X ,X,'13468'
O O  X XX,O,'16'
O O  XOXX,X,'134'
O O  XX  ,X,'1'
O O  XX X,O,'1'
O O  XXOX,X,'1'
O O  XXX ,O,'18'
O O  XXXO,X,'134'
O O OX XX,X,'6'
O O OXX X,X,'7'
O O OXXX ,X,'8'
O O X   X,X,'1'
O O X  X ,X,'1'
O O X  XX,O,'1'
O O X OXX,X,'1'
O O X X  ,X,'1'
O O X X X,O,'1'
O O X XOX,X,'1'
O O X XX ,O,'1'
O O X XXO,X,'1'
O O XO XX,X,'16'
O O XOX X,X,'7'
O O XOXX ,X,'18'
O O XX   ,X,'13'
O O XX  X,O,'13'
O O XX OX,X,'3'
O O XX X ,O,'1'
O O XX XO,X,'13'
O O XXO X,X,'3'
O O XXOX ,X,'13'
O O XXOXX,O,'13'
O O XXX  ,O,'1'
O O XXX O,X,'13'
O O XXXO ,X,'3'
O O XXXOX,O,'1'
O O XXXXO,O,'1'
O OO X XX,X,'6'
O OO XX X,X,'7'
O OO XXX ,X,'18'
O OOX  XX,X,'16'
O OOX X X,X,'7'
O OOX XX ,X,'18'
O OOXX  X,X,'167'
O OOXX X ,X,'1'
O OOXX XX,O,'16'
O OOXXX  ,X,'1'
O OOXXX X,O,'1'
O OOXXXOX,X,'1'
O OOXXXX ,O,'1'
O OOXXXXO,X,'1'
O OX    X,X,'1'
O OX   X ,X,'14568'
O OX   XX,O,'16'
O OX  OXX,X,'145'
O OX  X  ,X,'14578'
O OX  X X,O,'1'
O OX  XOX,X,'1'
O OX  XX ,O,'18'
O OX  XXO,X,'145'
O OX O XX,X,'16'
O OX OX X,X,'7'
O OX OXX ,X,'8'
O OX X   ,X,'4'
O OX X  X,O,'14'
O OX X OX,X,'4'
O OX X X ,O,'14'
O OX X XO,X,'4'
O OX XO X,X,'4'
O OX XOX ,X,'4'
O OX XOXX,O,'14'
O OX XX  ,O,'14'
O OX XX O,X,'4'
O OX XXO ,X,'4'
O OX XXOX,O,'1'
O OX XXXO,O,'14'
O OXO  XX,X,'6'
O OXO X X,X,'7'
O OXO XX ,X,'8'
O OXOX  X,X,'167'
O OXOX X ,X,'168'
O OXOX XX,O,'16'
O OXOXX  ,X,'178'
O OXOXX X,O,'1'
O OXOXXOX,X,'1'
O OXOXXX ,O,'18'
O OXX    ,X,'15'
O OXX   X,O,'1'
O OXX  OX,X,'5'
O OXX  X ,O,'1'
O OXX  XO,X,'15'
O OXX O X,X,'15'
O OXX OX ,X,'15'
O OXX OXX,O,'1'
O OXX X  ,O,'15'
O OXX X O,X,'5'
O OXX XO ,X,'5'
O OXX XOX,O,'1'
O OXX XXO,O,'15'
O OXXO  X,X,'1'
O OXXO X ,X,'1'
O OXXO XX,O,'1'
O OXXOOXX,X,'1'
O OXXOX  ,X,'178'
O OXXOX X,O,'1'
O OXXOXOX,X,'1'
O OXXOXX ,O,'18'
O X      ,X,'568'
O X     X,O,'134567'
O X    OX,X,'456'
O X    X ,O,'6'
O X    XO,X,'4'
O X   O X,X,'5'
O X   OX ,X,'3'
O X   OXX,O,'3'
O X   X  ,O,'134578'
O X   X O,X,'4'
O X   XO ,X,'458'
O X   XOX,O,'1345'
O X   XXO,O,'4'
O X  O  X,X,'6'
O X  O X ,X,'46'
O X  O XX,O,'6'
O X  OOXX,X,'3'
O X  OX  ,X,'478'
O X  OX X,O,'1347'
O X  OXOX,X,'4'
O X  OXX ,O,'1348'
O X  OXXO,X,'4'
O X  X   ,O,'134678'
O X  X  O,X,'4'
O X  X O ,X,'3468'
O X  X XO,O,'346'
O X  XO  ,X,'38'
O X  XOX ,O,'38'
O X  XOXO,X,'134'
O X  XX O,O,'4'
O X  XXO ,O,'1348'
O X  XXOO,X,'4'
O X O   X,X,'567'
O X O  X ,X,'8'
O X O  XX,O,'1356'
O X O OXX,X,'5'
O X O X  ,X,'8'
O X O X X,O,'1357'
O X O XOX,X,'5'
O X O XX ,O,'8'
O X OO XX,X,'6'
O X OOX X,X,'7'
O X OOXX ,X,'8'
O X OX   ,X,'8'
O X OX X ,O,'8'
O X OXOX ,X,'8'
O X OXX  ,O,'8'
O X OXXO ,X,'8'
O X X    ,O,'6'
O X X   O,X,'13567'
O X X  O ,X,'3568'
O X X  OX,O,'1356'
O X X  XO,O,'1356'
O X X O  ,X,'3'
O X X O X,O,'3'
O X X OOX,X,'5'
O X X OX ,O,'3'
O X X OXO,X,'13'
O X XO   ,X,'167'
O X XO  X,O,'6'
O X XO OX,X,'6'
O X XO X ,O,'1368'
O X XO XO,X,'136'
O X XOO X,X,'3'
O X XOOX ,X,'1'
O X XOOXX,O,'3'
O X XX  O,O,'1367'
O X XX O ,O,'1368'
O X XX OO,X,'36'
O X XXO  ,O,'3'
O X XXO O,X,'3'
O X XXOO ,X,'38'
O X XXOXO,O,'3'
O XO    X,X,'56'
O XO   X ,X,'6'
O XO   XX,O,'6'
O XO  X  ,X,'4578'
O XO  X X,O,'1457'
O XO  XOX,X,'145'
O XO  XX ,O,'1458'
O XO  XXO,X,'4'
O XO O XX,X,'6'
O XO OX X,X,'47'
O XO OXX ,X,'48'
O XO X   ,X,'68'
O XO X X ,O,'68'
O XO X XO,X,'146'
O XO XX  ,O,'1478'
O XO XX O,X,'4'
O XO XXO ,X,'148'
O XO XXXO,O,'4'
O XOO  XX,X,'56'
O XOO X X,X,'57'
O XOO XX ,X,'8'
O XOOX X ,X,'8'
O XOOXX  ,X,'8'
O XOOXXX ,O,'8'
O XOX    ,X,'6'
O XOX   X,O,'6'
O XOX  OX,X,'56'
O XOX  X ,O,'6'
O XOX  XO,X,'16'
O XOXO  X,X,'6'
O XOXO X ,X,'16'
O XOXO XX,O,'6'
O XOXX   ,O,'6'
O XOXX  O,X,'6'
O XOXX O ,X,'68'
O XOXX XO,O,'6'
O XX     ,O,'4'
O XX    O,X,'4'
O XX   O ,X,'45'
O XX   OX,O,'5'
O XX   XO,O,'4'
O XX  O  ,X,'5'
O XX  O X,O,'5'
O XX  OOX,X,'5'
O XX  OX ,O,'4'
O XX  OXO,X,'4'
O XX  X O,O,'4'
O XX  XO ,O,'4'
O XX  XOO,X,'4'
O XX O   ,X,'46'
O XX O  X,O,'467'
O XX O OX,X,'46'
O XX O X ,O,'4'
O XX O XO,X,'4'
O XX OO X,X,'147'
O XX OOX ,X,'14'
O XX OOXX,O,'14'
O XX OX  ,O,'4'
O XX OX O,X,'4'
O XX OXO ,X,'4'
O XX OXOX,O,'4'
O XX OXXO,O,'4'
O XX X  O,O,'4'
O XX X O ,O,'1468'
O XX X OO,X,'4'
O XX XO  ,O,'1478'
O XX XO O,X,'4'
O XX XOO ,X,'48'
O XX XOXO,O,'4'
O XX XXOO,O,'4'
O XXO    ,X,'8'
O XXO   X,O,'5'
O XXO  OX,X,'5'
O XXO  X ,O,'8'
O XXO O X,X,'5'
O XXO OX ,X,'8'
O XXO OXX,O,'5'
O XXO X  ,O,'178'
O XXO XO ,X,'158'
O XXO XOX,O,'1'
O XXOO  X,X,'67'
O XXOO X ,X,'8'
O XXOO XX,O,'6'
O XXOOOXX,X,'1'
O XXOOX  ,X,'8'
O XXOOX X,O,'7'
O XXOOXOX,X,'1'
O XXOOXX ,O,'8'
O XXOX   ,O,'8'
O XXOX O ,X,'8'
O XXOXO  ,X,'8'
O XXOXOX ,O,'8'
O XXOXXO ,O,'18'
O XXX   O,O,'1567'
O XXX  O ,O,'1568'
O XXX  OO,X,'56'
O XXX O  ,O,'5'
O XXX O O,X,'57'
O XXX OO ,X,'5'
O XXX OOX,O,'5'
O XXX OXO,O,'15'
O XXXO   ,O,'6'
O XXXO  O,X,'167'
O XXXO O ,X,'6'
O XXXO OX,O,'6'
O XXXO XO,O,'16'
O XXXOO  ,X,'17'
O XXXOO X,O,'17'
O XXXOOOX,X,'1'
O XXXOOX ,O,'1'
O XXXOOXO,X,'1'
OO     XX,X,'26'
OO    X X,X,'27'
OO    XX ,X,'28'
OO   X  X,X,'2'
OO   X X ,X,'2'
OO   X XX,O,'2'
OO   XOXX,X,'2'
OO   XX  ,X,'2'
OO   XX X,O,'2'
OO   XXOX,X,'2'
OO   XXX ,O,'28'
OO   XXXO,X,'234'
OO  OX XX,X,'26'
OO  OXX X,X,'27'
OO  OXXX ,X,'8'
OO  X   X,X,'2'
OO  X  X ,X,'2'
OO  X  XX,O,'26'
OO  X OXX,X,'235'
OO  X X  ,X,'2'
OO  X X X,O,'2'
OO  X XOX,X,'2'
OO  X XX ,O,'2'
OO  X XXO,X,'2'
OO  XO XX,X,'6'
OO  XOX X,X,'27'
OO  XOXX ,X,'28'
OO  XX   ,X,'23'
OO  XX  X,O,'2'
OO  XX OX,X,'23'
OO  XX X ,O,'23'
OO  XX XO,X,'23'
OO  XXO X,X,'23'
OO  XXOX ,X,'3'
OO  XXOXX,O,'23'
OO  XXX  ,O,'2'
OO  XXX O,X,'23'
OO  XXXO ,X,'23'
OO  XXXOX,O,'2'
OO  XXXXO,O,'2'
OO O X XX,X,'26'
OO O XX X,X,'27'
OO O XXX ,X,'28'
OO OX  XX,X,'6'
OO OX X X,X,'27'
OO OX XX ,X,'28'
OO OXX  X,X,'2'
OO OXX X ,X,'268'
OO OXX XX,O,'26'
OO OXXX  ,X,'2'
OO OXXX X,O,'2'
OO OXXXOX,X,'2'
OO OXXXX ,O,'2'
OO OXXXXO,X,'2'
OO X    X,X,'2'
OO X   X ,X,'2'
OO X   XX,O,'2'
OO X  OXX,X,'2'
OO X  X  ,X,'24578'
OO X  X X,O,'27'
OO X  XOX,X,'245'
OO X  XX ,O,'28'
OO X  XXO,X,'245'
OO X O XX,X,'6'
OO X OX X,X,'27'
OO X OXX ,X,'28'
OO X X   ,X,'24'
OO X X  X,O,'2'
OO X X OX,X,'24'
OO X X X ,O,'24'
OO X X XO,X,'4'
OO X XO X,X,'24'
OO X XOX ,X,'24'
OO X XOXX,O,'2'
OO X XX  ,O,'24'
OO X XX O,X,'4'
OO X XXO ,X,'4'
OO X XXOX,O,'24'
OO X XXXO,O,'24'
OO XO  XX,X,'26'
OO XO X X,X,'7'
OO XO XX ,X,'8'
OO XOX  X,X,'2'
OO XOX X ,X,'268'
OO XOX XX,O,'2'
OO XOXOXX,X,'2'
OO XOXX  ,X,'278'
OO XOXX X,O,'27'
OO XOXXX ,O,'28'
OO XX    ,X,'25'
OO XX   X,O,'2'
OO XX  OX,X,'25'
OO XX  X ,O,'2'
OO XX  XO,X,'25'
OO XX O X,X,'5'
OO XX OX ,X,'5'
OO XX OXX,O,'2'
OO XX X  ,O,'2'
OO XX X O,X,'25'
OO XX XO ,X,'25'
OO XX XOX,O,'2'
OO XX XXO,O,'2'
OO XXO  X,X,'2'
OO XXO X ,X,'2'
OO XXO XX,O,'2'
OO XXOOXX,X,'2'
OO XXOX  ,X,'2'
OO XXOX X,O,'2'
OO XXOXOX,X,'2'
OO XXOXX ,O,'2'
OO XXOXXO,X,'2'
OOX     X,X,'34567'
OOX    X ,X,'3568'
OOX    XX,O,'3456'
OOX   OXX,X,'5'
OOX   X  ,X,'4578'
OOX   X X,O,'3457'
OOX   XOX,X,'45'
OOX   XX ,O,'3458'
OOX   XXO,X,'4'
OOX  O XX,X,'6'
OOX  OX X,X,'347'
OOX  OXX ,X,'348'
OOX  X   ,X,'34678'
OOX  X X ,O,'3468'
OOX  X XO,X,'4'
OOX  XOX ,X,'38'
OOX  XX  ,O,'3478'
OOX  XX O,X,'4'
OOX  XXO ,X,'48'
OOX  XXXO,O,'4'
OOX O  XX,X,'356'
OOX O X X,X,'57'
OOX O XX ,X,'8'
OOX OX X ,X,'8'
OOX OXX  ,X,'8'
OOX OXXX ,O,'8'
OOX X    ,X,'3568'
OOX X   X,O,'3567'
OOX X  OX,X,'356'
OOX X  X ,O,'6'
OOX X  XO,X,'356'
OOX X O X,X,'5'
OOX X OX ,X,'3'
OOX X OXX,O,'3'
OOX XO  X,X,'6'
OOX XO X ,X,'6'
OOX XO XX,O,'6'
OOX XOOXX,X,'3'
OOX XX   ,O,'3678'
OOX XX  O,X,'367'
OOX XX O ,X,'368'
OOX XX XO,O,'36'
OOX XXO  ,X,'38'
OOX XXOX ,O,'3'
OOX XXOXO,X,'3'
OOXO   XX,X,'56'
OOXO  X X,X,'457'
OOXO  XX ,X,'458'
OOXO X X ,X,'68'
OOXO XX  ,X,'478'
OOXO XXX ,O,'48'
OOXO XXXO,X,'4'
OOXOOXXX ,X,'8'
OOXOX   X,X,'56'
OOXOX  X ,X,'6'
OOXOX  XX,O,'6'
OOXOXO XX,X,'6'
OOXOXX   ,X,'68'
OOXOXX X ,O,'6'
OOXOXX XO,X,'6'
OOXX     ,X,'4578'
OOXX    X,O,'4567'
OOXX   OX,X,'45'
OOXX   X ,O,'4568'
OOXX   XO,X,'4'
OOXX  O X,X,'5'
OOXX  OX ,X,'5'
OOXX  OXX,O,'5'
OOXX  X  ,O,'4'
OOXX  X O,X,'4'
OOXX  XO ,X,'4'
OOXX  XOX,O,'4'
OOXX  XXO,O,'4'
OOXX O  X,X,'6'
OOXX O X ,X,'6'
OOXX O XX,O,'6'
OOXX OOXX,X,'4'
OOXX OX  ,X,'478'
OOXX OX X,O,'47'
OOXX OXOX,X,'4'
OOXX OXX ,O,'48'
OOXX OXXO,X,'4'
OOXX X   ,O,'4678'
OOXX X  O,X,'4'
OOXX X O ,X,'48'
OOXX X XO,O,'4'
OOXX XO  ,X,'478'
OOXX XOX ,O,'48'
OOXX XOXO,X,'4'
OOXX XX O,O,'4'
OOXX XXO ,O,'4'
OOXX XXOO,X,'4'
OOXXO   X,X,'57'
OOXXO  X ,X,'8'
OOXXO  XX,O,'56'
OOXXO OXX,X,'5'
OOXXO X  ,X,'578'
OOXXO X X,O,'7'
OOXXO XX ,O,'8'
OOXXOO XX,X,'6'
OOXXOOX X,X,'7'
OOXXOOXX ,X,'8'
OOXXOX   ,X,'8'
OOXXOX X ,O,'8'
OOXXOXOX ,X,'8'
OOXXOXX  ,O,'78'
OOXXX    ,O,'5678'
OOXXX   O,X,'567'
OOXXX  O ,X,'568'
OOXXX  OX,O,'56'
OOXXX  XO,O,'56'
OOXXX O  ,X,'5'
OOXXX O X,O,'5'
OOXXX OOX,X,'5'
OOXXX OX ,O,'5'
OOXXX OXO,X,'5'
OOXXXO   ,X,'6'
OOXXXO  X,O,'6'
OOXXXO OX,X,'6'
OOXXXO X ,O,'6'
OOXXXO XO,X,'6'
OOXXXOO X,X,'7'
OOXXXOOX ,X,'8'
OX       ,X,'4'
OX      X,O,'6'
OX     OX,X,'25'
OX     X ,O,'4'
OX     XO,X,'4'
OX    O X,X,'3'
OX    OX ,X,'4'
OX    OXX,O,'34'
OX    X  ,O,'4'
OX    X O,X,'4'
OX    XO ,X,'24'
OX    XOX,O,'245'
OX    XXO,O,'4'
OX   O  X,X,'7'
OX   O X ,X,'468'
OX   O XX,O,'2346'
OX   OOXX,X,'4'
OX   OX  ,X,'47'
OX   OX X,O,'7'
OX   OXOX,X,'24'
OX   OXX ,O,'2348'
OX   OXXO,X,'4'
OX   X   ,O,'6'
OX   X  O,X,'4'
OX   X O ,X,'348'
OX   X OX,O,'2'
OX   X XO,O,'4'
OX   XO  ,X,'23478'
OX   XO X,O,'23'
OX   XOOX,X,'23'
OX   XOX ,O,'34'
OX   XOXO,X,'4'
OX   XX O,O,'4'
OX   XXO ,O,'4'
OX   XXOO,X,'4'
OX  O   X,X,'256'
OX  O  X ,X,'23568'
OX  O  XX,O,'6'
OX  O OXX,X,'235'
OX  O X  ,X,'8'
OX  O X X,O,'7'
OX  O XOX,X,'25'
OX  O XX ,O,'8'
OX  OO XX,X,'6'
OX  OOX X,X,'7'
OX  OOXX ,X,'8'
OX  OX   ,X,'8'
OX  OX  X,O,'2'
OX  OX OX,X,'2'
OX  OX X ,O,'2368'
OX  OXO X,X,'2'
OX  OXOX ,X,'238'
OX  OXOXX,O,'23'
OX  OXX  ,O,'8'
OX  OXXO ,X,'8'
OX  OXXOX,O,'2'
OX  X    ,O,'7'
OX  X   O,X,'23567'
OX  X  O ,X,'356'
OX  X  OX,O,'36'
OX  X O  ,X,'37'
OX  X O X,O,'3'
OX  X OOX,X,'3'
OX  X X O,O,'2357'
OX  X XO ,O,'2'
OX  X XOO,X,'235'
OX  XO   ,X,'267'
OX  XO  X,O,'7'
OX  XO OX,X,'26'
OX  XOO X,X,'7'
OX  XOX  ,O,'2378'
OX  XOX O,X,'27'
OX  XOXO ,X,'2'
OX  XOXOX,O,'2'
OX  XX  O,O,'2367'
OX  XX O ,O,'3'
OX  XX OO,X,'36'
OX  XXO  ,O,'3'
OX  XXO O,X,'37'
OX  XXOO ,X,'3'
OX  XXOOX,O,'3'
OX  XXXOO,O,'23'
OX O    X,X,'6'
OX O   X ,X,'46'
OX O   XX,O,'6'
OX O  X  ,X,'4578'
OX O  X X,O,'2457'
OX O  XOX,X,'2'
OX O  XX ,O,'2458'
OX O  XXO,X,'4'
OX O O XX,X,'46'
OX O OX X,X,'47'
OX O OXX ,X,'48'
OX O X   ,X,'6'
OX O X  X,O,'6'
OX O X OX,X,'2'
OX O X X ,O,'46'
OX O X XO,X,'4'
OX O XX  ,O,'2478'
OX O XX O,X,'4'
OX O XXO ,X,'2'
OX O XXOX,O,'2'
OX O XXXO,O,'4'
OX OO  XX,X,'6'
OX OO X X,X,'57'
OX OO XX ,X,'8'
OX OOX  X,X,'26'
OX OOX X ,X,'268'
OX OOX XX,O,'6'
OX OOXX  ,X,'8'
OX OOXX X,O,'27'
OX OOXXOX,X,'2'
OX OOXXX ,O,'8'
OX OX    ,X,'67'
OX OX   X,O,'6'
OX OX  OX,X,'6'
OX OX X  ,O,'2578'
OX OX X O,X,'257'
OX OX XO ,X,'2'
OX OX XOX,O,'2'
OX OXO  X,X,'67'
OX OXOX  ,X,'278'
OX OXOX X,O,'27'
OX OXOXOX,X,'2'
OX OXX   ,O,'6'
OX OXX  O,X,'67'
OX OXX O ,X,'6'
OX OXX OX,O,'6'
OX OXXX O,O,'27'
OX OXXXO ,O,'2'
OX OXXXOO,X,'2'
OX X     ,O,'4'
OX X    O,X,'4'
OX X   O ,X,'45'
OX X   OX,O,'245'
OX X   XO,O,'4'
OX X  O  ,X,'4'
OX X  O X,O,'4'
OX X  OOX,X,'5'
OX X  OX ,O,'4'
OX X  OXO,X,'4'
OX X  X O,O,'245'
OX X  XO ,O,'4'
OX X  XOO,X,'4'
OX X O   ,X,'47'
OX X O  X,O,'467'
OX X O OX,X,'246'
OX X O X ,O,'4'
OX X O XO,X,'4'
OX X OO X,X,'47'
OX X OOX ,X,'4'
OX X OOXX,O,'4'
OX X OX  ,O,'8'
OX X OX O,X,'247'
OX X OXO ,X,'24'
OX X OXOX,O,'24'
OX X OXXO,O,'24'
OX X X  O,O,'4'
OX X X O ,O,'4'
OX X X OO,X,'4'
OX X XO  ,O,'4'
OX X XO O,X,'4'
OX X XOO ,X,'48'
OX X XOOX,O,'24'
OX X XOXO,O,'4'
OX X XXOO,O,'4'
OX XO    ,X,'8'
OX XO   X,O,'26'
OX XO  OX,X,'25'
OX XO  X ,O,'268'
OX XO O X,X,'2'
OX XO OX ,X,'258'
OX XO OXX,O,'2'
OX XO X  ,O,'8'
OX XO XO ,X,'8'
OX XO XOX,O,'25'
OX XOO  X,X,'67'
OX XOO X ,X,'8'
OX XOO XX,O,'6'
OX XOOOXX,X,'2'
OX XOOX  ,X,'8'
OX XOOX X,O,'7'
OX XOOXOX,X,'2'
OX XOOXX ,O,'8'
OX XOX   ,O,'268'
OX XOX O ,X,'8'
OX XOX OX,O,'2'
OX XOXO  ,X,'278'
OX XOXO X,O,'2'
OX XOXOOX,X,'2'
OX XOXOX ,O,'28'
OX XOXXO ,O,'8'
OX XX   O,O,'2567'
OX XX  O ,O,'5'
OX XX  OO,X,'56'
OX XX O  ,O,'2578'
OX XX O O,X,'57'
OX XX OO ,X,'5'
OX XX OOX,O,'5'
OX XX XOO,O,'25'
OX XXO   ,O,'7'
OX XXO  O,X,'27'
OX XXO O ,X,'26'
OX XXO OX,O,'26'
OX XXOO  ,X,'7'
OX XXOO X,O,'7'
OX XXOOOX,X,'2'
OX XXOX O,O,'2'
OX XXOXO ,O,'2'
OX XXOXOO,X,'2'
OXO     X,X,'7'
OXO    X ,X,'468'
OXO    XX,O,'3456'
OXO   OXX,X,'4'
OXO   X  ,X,'7'
OXO   X X,O,'7'
OXO   XOX,X,'345'
OXO   XX ,O,'3458'
OXO   XXO,X,'4'
OXO  O XX,X,'346'
OXO  OX X,X,'7'
OXO  OXX ,X,'48'
OXO  X   ,X,'4'
OXO  X  X,O,'6'
OXO  X OX,X,'34'
OXO  X X ,O,'4'
OXO  X XO,X,'4'
OXO  XO X,X,'347'
OXO  XOX ,X,'4'
OXO  XOXX,O,'34'
OXO  XX  ,O,'4'
OXO  XX O,X,'4'
OXO  XXO ,X,'34'
OXO  XXOX,O,'34'
OXO  XXXO,O,'4'
OXO O  XX,X,'6'
OXO O X X,X,'7'
OXO O XX ,X,'8'
OXO OX  X,X,'6'
OXO OX X ,X,'368'
OXO OX XX,O,'6'
OXO OXX  ,X,'8'
OXO OXX X,O,'7'
OXO OXXOX,X,'3'
OXO OXXX ,O,'8'
OXO X    ,X,'357'
OXO X   X,O,'7'
OXO X  OX,X,'35'
OXO X O X,X,'37'
OXO X X  ,O,'7'
OXO X X O,X,'57'
OXO X XO ,X,'35'
OXO X XOX,O,'35'
OXO XO  X,X,'7'
OXO XOX  ,X,'7'
OXO XOX X,O,'7'
OXO XOXOX,X,'3'
OXO XX   ,O,'3678'
OXO XX  O,X,'367'
OXO XX O ,X,'3'
OXO XX OX,O,'3'
OXO XXO  ,X,'37'
OXO XXO X,O,'3'
OXO XXOOX,X,'3'
OXO XXX O,O,'37'
OXO XXXO ,O,'3'
OXO XXXOO,X,'3'
OXOO   XX,X,'46'
OXOO  X X,X,'7'
OXOO  XX ,X,'458'
OXOO X  X,X,'6'
OXOO X X ,X,'46'
OXOO X XX,O,'6'
OXOO XX  ,X,'7'
OXOO XX X,O,'7'
OXOO XXOX,X,'4'
OXOO XXX ,O,'48'
OXOO XXXO,X,'4'
OXOOOX XX,X,'6'
OXOOOXX X,X,'7'
OXOOOXXX ,X,'8'
OXOOX   X,X,'7'
OXOOX X  ,X,'7'
OXOOX X X,O,'7'
OXOOX XOX,X,'5'
OXOOXOX X,X,'7'
OXOOXX   ,X,'7'
OXOOXX  X,O,'6'
OXOOXX OX,X,'6'
OXOOXXX  ,O,'7'
OXOOXXX O,X,'7'
OXOOXXXO ,X,'8'
OXOX     ,X,'4'
OXOX    X,O,'4'
OXOX   OX,X,'45'
OXOX   X ,O,'4'
OXOX   XO,X,'4'
OXOX  O X,X,'4'
OXOX  OX ,X,'4'
OXOX  OXX,O,'4'
OXOX  X  ,O,'8'
OXOX  X O,X,'457'
OXOX  XO ,X,'45'
OXOX  XOX,O,'45'
OXOX  XXO,O,'45'
OXOX O  X,X,'7'
OXOX O X ,X,'48'
OXOX O XX,O,'46'
OXOX OOXX,X,'4'
OXOX OX  ,X,'8'
OXOX OX X,O,'7'
OXOX OXOX,X,'4'
OXOX OXX ,O,'8'
OXOX X   ,O,'4'
OXOX X  O,X,'4'
OXOX X O ,X,'4'
OXOX X OX,O,'4'
OXOX X XO,O,'4'
OXOX XO  ,X,'4'
OXOX XO X,O,'4'
OXOX XOOX,X,'4'
OXOX XOX ,O,'4'
OXOX XOXO,X,'4'
OXOX XX O,O,'4'
OXOX XXO ,O,'4'
OXOX XXOO,X,'4'
OXOXO   X,X,'6'
OXOXO  X ,X,'568'
OXOXO  XX,O,'6'
OXOXO X  ,X,'8'
OXOXO X X,O,'7'
OXOXO XOX,X,'5'
OXOXO XX ,O,'8'
OXOXOO XX,X,'6'
OXOXOOX X,X,'7'
OXOXOOXX ,X,'8'
OXOXOX   ,X,'678'
OXOXOX  X,O,'6'
OXOXOX OX,X,'6'
OXOXOX X ,O,'68'
OXOXOXX  ,O,'8'
OXOXOXXO ,X,'8'
OXOXX    ,O,'5678'
OXOXX   O,X,'57'
OXOXX  O ,X,'5'
OXOXX  OX,O,'5'
OXOXX O  ,X,'578'
OXOXX O X,O,'57'
OXOXX OOX,X,'5'
OXOXX X O,O,'5'
OXOXX XO ,O,'5'
OXOXX XOO,X,'5'
OXOXXO   ,X,'7'
OXOXXO  X,O,'7'
OXOXXO OX,X,'6'
OXOXXOO X,X,'7'
OXOXXOX  ,O,'8'
OXOXXOXO ,X,'8'
OXX      ,O,'36'
OXX     O,X,'4'
OXX    O ,X,'68'
OXX    OX,O,'5'
OXX    XO,O,'4'
OXX   O  ,X,'34578'
OXX   O X,O,'3'
OXX   OOX,X,'5'
OXX   OX ,O,'34'
OXX   OXO,X,'4'
OXX   X O,O,'4'
OXX   XO ,O,'4'
OXX   XOO,X,'4'
OXX  O   ,X,'4'
OXX  O  X,O,'3'
OXX  O OX,X,'46'
OXX  O X ,O,'4'
OXX  O XO,X,'4'
OXX  OO X,X,'3'
OXX  OOX ,X,'4'
OXX  OOXX,O,'3'
OXX  OX  ,O,'4'
OXX  OX O,X,'4'
OXX  OXO ,X,'4'
OXX  OXOX,O,'4'
OXX  OXXO,O,'4'
OXX  X  O,O,'3467'
OXX  X O ,O,'8'
OXX  X OO,X,'346'
OXX  XO  ,O,'38'
OXX  XO O,X,'347'
OXX  XOO ,X,'8'
OXX  XOXO,O,'34'
OXX  XXOO,O,'4'
OXX O    ,X,'8'
OXX O   X,O,'5'
OXX O  OX,X,'5'
OXX O  X ,O,'3568'
OXX O O X,X,'5'
OXX O OX ,X,'358'
OXX O OXX,O,'3'
OXX O X  ,O,'358'
OXX O XO ,X,'8'
OXX O XOX,O,'5'
OXX OO  X,X,'3'
OXX OO X ,X,'368'
OXX OO XX,O,'3'
OXX OOOXX,X,'3'
OXX OOX  ,X,'378'
OXX OOX X,O,'3'
OXX OOXOX,X,'3'
OXX OOXX ,O,'38'
OXX OX   ,O,'8'
OXX OX O ,X,'8'
OXX OXO  ,X,'8'
OXX OXOX ,O,'38'
OXX OXXO ,O,'8'
OXX X   O,O,'3567'
OXX X  O ,O,'6'
OXX X  OO,X,'6'
OXX X O  ,O,'37'
OXX X O O,X,'7'
OXX X OO ,X,'358'
OXX X OOX,O,'3'
OXX XO   ,O,'3678'
OXX XO  O,X,'367'
OXX XO O ,X,'6'
OXX XO OX,O,'6'
OXX XOO  ,X,'7'
OXX XOO X,O,'3'
OXX XOOOX,X,'3'
OXX XX OO,O,'6'
OXX XXO O,O,'37'
OXX XXOO ,O,'38'
OXXO     ,X,'45678'
OXXO    X,O,'56'
OXXO   OX,X,'56'
OXXO   X ,O,'46'
OXXO   XO,X,'4'
OXXO  X  ,O,'4'
OXXO  X O,X,'4'
OXXO  XO ,X,'458'
OXXO  XOX,O,'45'
OXXO  XXO,O,'4'
OXXO O  X,X,'467'
OXXO O X ,X,'4'
OXXO O XX,O,'46'
OXXO OX  ,X,'4'
OXXO OX X,O,'4'
OXXO OXOX,X,'4'
OXXO OXX ,O,'4'
OXXO OXXO,X,'4'
OXXO X   ,O,'68'
OXXO X  O,X,'467'
OXXO X O ,X,'68'
OXXO X XO,O,'46'
OXXO XX O,O,'4'
OXXO XXO ,O,'48'
OXXO XXOO,X,'4'
OXXOO   X,X,'5'
OXXOO  X ,X,'568'
OXXOO  XX,O,'56'
OXXOO X  ,X,'578'
OXXOO X X,O,'5'
OXXOO XOX,X,'5'
OXXOO XX ,O,'58'
OXXOOX   ,X,'8'
OXXOOX X ,O,'68'
OXXOOXX  ,O,'8'
OXXOOXXO ,X,'8'
OXXOX    ,O,'6'
OXXOX   O,X,'67'
OXXOX  O ,X,'6'
OXXOX  OX,O,'6'
OXXOXO   ,X,'67'
OXXOXO  X,O,'6'
OXXOXO OX,X,'6'
OXXOXX  O,O,'6'
OXXOXX O ,O,'6'
OXXOXX OO,X,'6'
OXXX    O,O,'467'
OXXX   O ,O,'8'
OXXX   OO,X,'456'
OXXX  O  ,O,'8'
OXXX  O O,X,'457'
OXXX  OO ,X,'8'
OXXX  OOX,O,'5'
OXXX  OXO,O,'4'
OXXX  XOO,O,'4'
OXXX O   ,O,'4'
OXXX O  O,X,'4'
OXXX O O ,X,'46'
OXXX O OX,O,'46'
OXXX O XO,O,'4'
OXXX OO  ,X,'47'
OXXX OO X,O,'47'
OXXX OOOX,X,'4'
OXXX OOX ,O,'4'
OXXX OOXO,X,'4'
OXXX OX O,O,'4'
OXXX OXO ,O,'4'
OXXX OXOO,X,'4'
OXXX X OO,O,'46'
OXXX XO O,O,'47'
OXXX XOO ,O,'8'
OXXXO    ,O,'8'
OXXXO  O ,X,'8'
OXXXO  OX,O,'5'
OXXXO O  ,X,'8'
OXXXO O X,O,'5'
OXXXO OOX,X,'5'
OXXXO OX ,O,'8'
OXXXO XO ,O,'8'
OXXXOO   ,X,'8'
OXXXOO  X,O,'67'
OXXXOO OX,X,'6'
OXXXOO X ,O,'8'
OXXXOOO X,X,'7'
OXXXOOOX ,X,'8'
OXXXOOX  ,O,'8'
OXXXOOXO ,X,'8'
OXXXOX O ,O,'8'
OXXXOXO  ,O,'8'
OXXXOXOO ,X,'8'
OXXXX  OO,O,'6'
OXXXX O O,O,'7'
OXXXX OO ,O,'8'
OXXXXO  O,O,'67'
OXXXXO O ,O,'6'
OXXXXO OO,X,'6'
OXXXXOO  ,O,'7'
OXXXXOO O,X,'7'
OXXXXOOO ,X,'8'
X        ,O,'4'
X       O,X,'26'
X      O ,X,'246'
X      OX,O,'4'
X      XO,O,'2'
X     O  ,X,'128'
X     O X,O,'123457'
X     OOX,X,'1245'
X     OX ,O,'4'
X     OXO,X,'1'
X     X O,O,'123457'
X     XO ,O,'123458'
X     XOO,X,'12345'
X    O   ,X,'246'
X    O  X,O,'4'
X    O OX,X,'12346'
X    O X ,O,'4'
X    O XO,X,'2'
X    OO X,X,'124'
X    OOX ,X,'14'
X    OOXX,O,'4'
X    OX  ,O,'123478'
X    OX O,X,'23'
X    OXO ,X,'12348'
X    OXOX,O,'1234'
X    OXXO,O,'23'
X    X  O,O,'6'
X    X O ,O,'4'
X    X OO,X,'6'
X    XO  ,O,'8'
X    XO O,X,'7'
X    XOO ,X,'8'
X    XOOX,O,'1234'
X    XOXO,O,'4'
X    XXOO,O,'1234'
X   O    ,X,'1236'
X   O   X,O,'1357'
X   O  OX,X,'1'
X   O  X ,O,'356'
X   O  XO,X,'236'
X   O O X,X,'2'
X   O OX ,X,'2'
X   O OXX,O,'235'
X   O X  ,O,'3'
X   O X O,X,'123'
X   O XO ,X,'13'
X   O XOX,O,'13'
X   O XXO,O,'3'
X   OO  X,X,'3'
X   OO X ,X,'3'
X   OO XX,O,'36'
X   OOOXX,X,'123'
X   OOX  ,X,'3'
X   OOX X,O,'3'
X   OOXOX,X,'3'
X   OOXX ,O,'3'
X   OOXXO,X,'3'
X   OX   ,O,'127'
X   OX  O,X,'126'
X   OX O ,X,'1'
X   OX OX,O,'12'
X   OX XO,O,'26'
X   OXO  ,X,'2'
X   OXO X,O,'2'
X   OXOOX,X,'2'
X   OXOX ,O,'2'
X   OXOXO,X,'2'
X   OXX O,O,'3'
X   OXXO ,O,'1'
X   OXXOO,X,'13'
X   X   O,O,'26'
X   X  O ,O,'123568'
X   X  OO,X,'6'
X   X O  ,O,'8'
X   X O O,X,'7'
X   X OO ,X,'8'
X   X OXO,O,'1'
X   X XOO,O,'1235'
X   XO   ,O,'123678'
X   XO  O,X,'2'
X   XO O ,X,'12368'
X   XO XO,O,'2'
X   XOO  ,X,'1278'
X   XOOX ,O,'1238'
X   XOOXO,X,'1'
X   XOX O,O,'2'
X   XOXO ,O,'1238'
X   XOXOO,X,'23'
X   XX OO,O,'6'
X   XXO O,O,'7'
X   XXOO ,O,'8'
X  O     ,X,'124'
X  O    X,O,'4'
X  O   OX,X,'1245'
X  O   X ,O,'4'
X  O   XO,X,'1'
X  O  O X,X,'1245'
X  O  OX ,X,'1245'
X  O  OXX,O,'4'
X  O  X  ,O,'4'
X  O  X O,X,'2'
X  O  XO ,X,'24'
X  O  XOX,O,'4'
X  O  XXO,O,'5'
X  O O  X,X,'4'
X  O O X ,X,'4'
X  O O XX,O,'4'
X  O OOXX,X,'4'
X  O OX  ,X,'4'
X  O OX X,O,'4'
X  O OXOX,X,'4'
X  O OXX ,O,'48'
X  O OXXO,X,'124'
X  O X   ,O,'28'
X  O X  O,X,'12'
X  O X O ,X,'28'
X  O X OX,O,'1246'
X  O X XO,O,'124'
X  O XO  ,X,'1278'
X  O XO X,O,'1247'
X  O XOOX,X,'124'
X  O XOX ,O,'1248'
X  O XOXO,X,'1'
X  O XX O,O,'124'
X  O XXO ,O,'4'
X  O XXOO,X,'2'
X  OO   X,X,'5'
X  OO  X ,X,'5'
X  OO  XX,O,'56'
X  OO OXX,X,'125'
X  OO X  ,X,'5'
X  OO X X,O,'57'
X  OO XOX,X,'125'
X  OO XX ,O,'5'
X  OO XXO,X,'5'
X  OOX   ,X,'2'
X  OOX  X,O,'2'
X  OOX OX,X,'2'
X  OOX X ,O,'2'
X  OOX XO,X,'12'
X  OOXO X,X,'2'
X  OOXOX ,X,'2'
X  OOXOXX,O,'2'
X  OOXX  ,O,'17'
X  OOXX O,X,'12'
X  OOXXO ,X,'1'
X  OOXXOX,O,'1'
X  OOXXXO,O,'12'
X  OX    ,O,'125678'
X  OX   O,X,'12'
X  OX  O ,X,'1268'
X  OX  XO,O,'1'
X  OX O  ,X,'1278'
X  OX OX ,O,'1258'
X  OX OXO,X,'1'
X  OX X O,O,'2'
X  OX XO ,O,'1258'
X  OX XOO,X,'2'
X  OXO   ,X,'12678'
X  OXO X ,O,'1268'
X  OXO XO,X,'12'
X  OXOOX ,X,'128'
X  OXOX  ,O,'1278'
X  OXOX O,X,'2'
X  OXOXO ,X,'128'
X  OXOXXO,O,'2'
X  OXX  O,O,'67'
X  OXX O ,O,'8'
X  OXX OO,X,'6'
X  OXXO  ,O,'8'
X  OXXO O,X,'7'
X  OXXOO ,X,'8'
X  OXXOXO,O,'1'
X  OXXXOO,O,'2'
X  X    O,O,'6'
X  X   O ,O,'6'
X  X   OO,X,'6'
X  X  O  ,O,'78'
X  X  O O,X,'12457'
X  X  OO ,X,'12458'
X  X  OOX,O,'4'
X  X  OXO,O,'2'
X  X O   ,O,'6'
X  X O  O,X,'26'
X  X O O ,X,'12468'
X  X O OX,O,'1246'
X  X O XO,O,'2'
X  X OO  ,X,'28'
X  X OO X,O,'4'
X  X OOOX,X,'124'
X  X OOX ,O,'2'
X  X OOXO,X,'2'
X  X X OO,O,'6'
X  X XO O,O,'47'
X  X XOO ,O,'48'
X  XO    ,O,'6'
X  XO   O,X,'126'
X  XO  O ,X,'16'
X  XO  OX,O,'16'
X  XO  XO,O,'6'
X  XO O  ,X,'2'
X  XO O X,O,'127'
X  XO OOX,X,'125'
X  XO OX ,O,'2'
X  XO OXO,X,'2'
X  XOO   ,X,'126'
X  XOO  X,O,'6'
X  XOO OX,X,'16'
X  XOO X ,O,'6'
X  XOO XO,X,'26'
X  XOOO X,X,'2'
X  XOOOX ,X,'2'
X  XOOOXX,O,'2'
X  XOX  O,O,'6'
X  XOX O ,O,'16'
X  XOX OO,X,'6'
X  XOXO  ,O,'1278'
X  XOXO O,X,'127'
X  XOXOO ,X,'128'
X  XOXOOX,O,'12'
X  XOXOXO,O,'2'
X  XX  OO,O,'6'
X  XX O O,O,'57'
X  XX OO ,O,'8'
X  XXO  O,O,'26'
X  XXO O ,O,'1268'
X  XXO OO,X,'6'
X  XXOO  ,O,'8'
X  XXOO O,X,'127'
X  XXOOO ,X,'8'
X  XXOOXO,O,'2'
X O      ,X,'368'
X O     X,O,'134567'
X O    OX,X,'346'
X O    X ,O,'8'
X O    XO,X,'5'
X O   O X,X,'4'
X O   OX ,X,'4'
X O   OXX,O,'4'
X O   X  ,O,'134578'
X O   X O,X,'3'
X O   XO ,X,'348'
X O   XOX,O,'1345'
X O   XXO,O,'5'
X O  O  X,X,'3467'
X O  O X ,X,'8'
X O  O XX,O,'1346'
X O  OOXX,X,'4'
X O  OX  ,X,'38'
X O  OX X,O,'1347'
X O  OXOX,X,'134'
X O  OXX ,O,'8'
X O  X   ,O,'4'
X O  X  O,X,'3'
X O  X O ,X,'34'
X O  X OX,O,'4'
X O  X XO,O,'4'
X O  XO  ,X,'4'
X O  XO X,O,'4'
X O  XOOX,X,'4'
X O  XOX ,O,'4'
X O  XOXO,X,'4'
X O  XX O,O,'3'
X O  XXO ,O,'3'
X O  XXOO,X,'3'
X O O   X,X,'6'
X O O  X ,X,'6'
X O O  XX,O,'6'
X O O X  ,X,'378'
X O O X X,O,'1357'
X O O XOX,X,'3'
X O O XX ,O,'1358'
X O O XXO,X,'3'
X O OO XX,X,'6'
X O OOX X,X,'37'
X O OOXX ,X,'38'
X O OX   ,X,'6'
X O OX  X,O,'167'
X O OX OX,X,'136'
X O OX X ,O,'6'
X O OX XO,X,'6'
X O OXX  ,O,'3'
X O OXX O,X,'3'
X O OXXO ,X,'3'
X O OXXOX,O,'1'
X O OXXXO,O,'3'
X O X    ,O,'8'
X O X   O,X,'5'
X O X  O ,X,'3568'
X O X  XO,O,'5'
X O X O  ,X,'13578'
X O X OX ,O,'1358'
X O X OXO,X,'15'
X O X X O,O,'5'
X O X XO ,O,'1358'
X O X XOO,X,'3'
X O XO   ,X,'8'
X O XO X ,O,'8'
X O XOOX ,X,'18'
X O XOX  ,O,'8'
X O XOXO ,X,'38'
X O XX  O,O,'3'
X O XX O ,O,'1368'
X O XX OO,X,'3'
X O XXO  ,O,'1378'
X O XXO O,X,'37'
X O XXOO ,X,'38'
X O XXOXO,O,'13'
X O XXXOO,O,'3'
X OO    X,X,'467'
X OO   X ,X,'48'
X OO   XX,O,'1456'
X OO  OXX,X,'4'
X OO  X  ,X,'8'
X OO  X X,O,'1457'
X OO  XOX,X,'4'
X OO  XX ,O,'8'
X OO  XXO,X,'5'
X OO O XX,X,'46'
X OO OX X,X,'47'
X OO OXX ,X,'8'
X OO X   ,X,'48'
X OO X  X,O,'4'
X OO X OX,X,'4'
X OO X X ,O,'4'
X OO X XO,X,'14'
X OO XO X,X,'4'
X OO XOX ,X,'4'
X OO XOXX,O,'4'
X OO XX  ,O,'478'
X OO XX O,X,'147'
X OO XXO ,X,'48'
X OO XXOX,O,'4'
X OO XXXO,O,'14'
X OOO  XX,X,'6'
X OOO X X,X,'7'
X OOO XX ,X,'8'
X OOOX  X,X,'6'
X OOOX X ,X,'6'
X OOOX XX,O,'6'
X OOOXX  ,X,'78'
X OOOXX X,O,'7'
X OOOXXOX,X,'1'
X OOOXXX ,O,'8'
X OOOXXXO,X,'1'
X OOX    ,X,'178'
X OOX  X ,O,'1568'
X OOX  XO,X,'1'
X OOX OX ,X,'158'
X OOX X  ,O,'8'
X OOX X O,X,'5'
X OOX XO ,X,'8'
X OOX XXO,O,'5'
X OOXO X ,X,'18'
X OOXOX  ,X,'8'
X OOXOXX ,O,'8'
X OOXX   ,O,'8'
X OOXX  O,X,'17'
X OOXX O ,X,'8'
X OOXX XO,O,'1'
X OOXXO  ,X,'178'
X OOXXOX ,O,'18'
X OOXXOXO,X,'1'
X OOXXX O,O,'17'
X OOXXXO ,O,'8'
X OOXXXOO,X,'1'
X OX     ,O,'145678'
X OX    O,X,'56'
X OX   O ,X,'4568'
X OX   OX,O,'1456'
X OX   XO,O,'56'
X OX  O  ,X,'4'
X OX  O X,O,'4'
X OX  OOX,X,'4'
X OX  OX ,O,'458'
X OX  OXO,X,'145'
X OX O   ,X,'68'
X OX O  X,O,'1467'
X OX O OX,X,'146'
X OX O X ,O,'68'
X OX OO X,X,'4'
X OX OOX ,X,'148'
X OX OOXX,O,'4'
X OX X  O,O,'1467'
X OX X O ,O,'1468'
X OX X OO,X,'46'
X OX XO  ,O,'4'
X OX XO O,X,'4'
X OX XOO ,X,'4'
X OX XOOX,O,'4'
X OX XOXO,O,'4'
X OXO    ,X,'6'
X OXO   X,O,'6'
X OXO  OX,X,'6'
X OXO  X ,O,'6'
X OXO  XO,X,'6'
X OXOO  X,X,'6'
X OXOO X ,X,'6'
X OXOO XX,O,'6'
X OXOX   ,O,'6'
X OXOX  O,X,'6'
X OXOX O ,X,'6'
X OXOX OX,O,'16'
X OXOX XO,O,'6'
X OXX   O,O,'5'
X OXX  O ,O,'1568'
X OXX  OO,X,'56'
X OXX O  ,O,'1578'
X OXX O O,X,'5'
X OXX OO ,X,'58'
X OXX OXO,O,'5'
X OXXO   ,O,'8'
X OXXO O ,X,'68'
X OXXOO  ,X,'8'
X OXXOOX ,O,'8'
X X     O,O,'134567'
X X    O ,O,'134568'
X X    OO,X,'16'
X X   O  ,O,'134578'
X X   O O,X,'1'
X X   OO ,X,'18'
X X   OOX,O,'1345'
X X   OXO,O,'1'
X X   XOO,O,'1345'
X X  O   ,O,'134678'
X X  O  O,X,'13467'
X X  O O ,X,'13468'
X X  O OX,O,'1346'
X X  O XO,O,'1346'
X X  OO  ,X,'148'
X X  OO X,O,'1347'
X X  OOOX,X,'134'
X X  OOX ,O,'1'
X X  OOXO,X,'1'
X X  OX O,O,'1347'
X X  OXO ,O,'1348'
X X  OXOO,X,'134'
X X  X OO,O,'16'
X X  XO O,O,'7'
X X  XOO ,O,'8'
X X O    ,O,'1'
X X O   O,X,'136'
X X O  O ,X,'1'
X X O  OX,O,'1'
X X O  XO,O,'1'
X X O O  ,X,'158'
X X O O X,O,'1357'
X X O OOX,X,'15'
X X O OX ,O,'1'
X X O OXO,X,'1'
X X O X O,O,'1357'
X X O XO ,O,'1'
X X O XOO,X,'13'
X X OO   ,X,'13'
X X OO  X,O,'13'
X X OO OX,X,'1'
X X OO X ,O,'3'
X X OO XO,X,'13'
X X OOO X,X,'1'
X X OOOX ,X,'1'
X X OOOXX,O,'3'
X X OOX  ,O,'3'
X X OOX O,X,'13'
X X OOXO ,X,'13'
X X OOXOX,O,'13'
X X OOXXO,O,'3'
X X OX  O,O,'1'
X X OX O ,O,'1'
X X OX OO,X,'1'
X X OXO  ,O,'1378'
X X OXO O,X,'1'
X X OXOO ,X,'18'
X X OXOXO,O,'1'
X X OXXOO,O,'1'
X X X  OO,O,'6'
X X X O O,O,'7'
X X X OO ,O,'8'
X X XO  O,O,'1367'
X X XO O ,O,'1368'
X X XO OO,X,'16'
X X XOO  ,O,'1378'
X X XOO O,X,'1'
X X XOOO ,X,'18'
X X XOOXO,O,'1'
X XO     ,O,'145678'
X XO    O,X,'146'
X XO   O ,X,'14568'
X XO   OX,O,'1456'
X XO   XO,O,'1'
X XO  O  ,X,'14578'
X XO  O X,O,'1457'
X XO  OOX,X,'145'
X XO  OX ,O,'1458'
X XO  OXO,X,'1'
X XO  X O,O,'1457'
X XO  XO ,O,'1458'
X XO  XOO,X,'145'
X XO O   ,X,'14'
X XO O  X,O,'4'
X XO O OX,X,'14'
X XO O X ,O,'4'
X XO O XO,X,'14'
X XO OO X,X,'14'
X XO OOX ,X,'14'
X XO OOXX,O,'4'
X XO OX  ,O,'4'
X XO OX O,X,'14'
X XO OXO ,X,'14'
X XO OXOX,O,'4'
X XO OXXO,O,'4'
X XO X  O,O,'1'
X XO X O ,O,'1468'
X XO X OO,X,'16'
X XO XO  ,O,'1478'
X XO XO O,X,'1'
X XO XOO ,X,'18'
X XO XOXO,O,'1'
X XO XXOO,O,'14'
X XOO    ,X,'15'
X XOO   X,O,'5'
X XOO  OX,X,'15'
X XOO  X ,O,'5'
X XOO  XO,X,'1'
X XOO O X,X,'15'
X XOO OX ,X,'15'
X XOO OXX,O,'5'
X XOO X  ,O,'15'
X XOO X O,X,'1'
X XOO XO ,X,'1'
X XOO XOX,O,'15'
X XOO XXO,O,'5'
X XOOX   ,O,'1678'
X XOOX  O,X,'1'
X XOOX O ,X,'18'
X XOOX XO,O,'1'
X XOOXO  ,X,'178'
X XOOXOX ,O,'18'
X XOOXOXO,X,'1'
X XOOXX O,O,'1'
X XOOXXO ,O,'1'
X XOOXXOO,X,'1'
X XOX   O,O,'1567'
X XOX  O ,O,'1568'
X XOX  OO,X,'16'
X XOX O  ,O,'1578'
X XOX O O,X,'1'
X XOX OO ,X,'18'
X XOX OXO,O,'1'
X XOXO   ,O,'1678'
X XOXO  O,X,'167'
X XOXO O ,X,'168'
X XOXO XO,O,'16'
X XOXOO  ,X,'178'
X XOXOOX ,O,'18'
X XOXOOXO,X,'1'
X XOXX OO,O,'6'
X XOXXO O,O,'7'
X XOXXOO ,O,'8'
X XX   OO,O,'6'
X XX  O O,O,'7'
X XX  OO ,O,'18'
X XX O  O,O,'1467'
X XX O O ,O,'1468'
X XX O OO,X,'16'
X XX OO  ,O,'1'
X XX OO O,X,'1'
X XX OOO ,X,'18'
X XX OOOX,O,'14'
X XX OOXO,O,'1'
X XXO   O,O,'1567'
X XXO  O ,O,'1'
X XXO  OO,X,'16'
X XXO O  ,O,'1'
X XXO O O,X,'1'
X XXO OO ,X,'1'
X XXO OOX,O,'1'
X XXO OXO,O,'1'
X XXOO   ,O,'1678'
X XXOO  O,X,'167'
X XXOO O ,X,'16'
X XXOO OX,O,'1'
X XXOO XO,O,'16'
X XXOOO  ,X,'1'
X XXOOO X,O,'1'
X XXOOOOX,X,'1'
X XXOOOX ,O,'1'
X XXOOOXO,X,'1'
X XXOX OO,O,'16'
X XXOXO O,O,'7'
X XXOXOO ,O,'18'
X XXXO OO,O,'6'
X XXXOO O,O,'7'
X XXXOOO ,O,'8'
XO       ,X,'346'
XO      X,O,'4'
XO     OX,X,'4'
XO     X ,O,'68'
XO     XO,X,'36'
XO    O X,X,'245'
XO    OX ,X,'48'
XO    OXX,O,'4'
XO    X  ,O,'234578'
XO    X O,X,'234'
XO    XO ,X,'34'
XO    XOX,O,'4'
XO    XXO,O,'3'
XO   O  X,X,'3467'
XO   O X ,X,'68'
XO   O XX,O,'2346'
XO   OOXX,X,'4'
XO   OX  ,X,'23478'
XO   OX X,O,'2347'
XO   OXOX,X,'34'
XO   OXX ,O,'2348'
XO   OXXO,X,'23'
XO   X   ,O,'4'
XO   X  O,X,'3'
XO   X O ,X,'4'
XO   X OX,O,'4'
XO   X XO,O,'346'
XO   XO  ,X,'48'
XO   XO X,O,'2347'
XO   XOOX,X,'24'
XO   XOX ,O,'4'
XO   XOXO,X,'34'
XO   XX O,O,'3'
XO   XXO ,O,'4'
XO   XXOO,X,'34'
XO  O   X,X,'7'
XO  O  X ,X,'6'
XO  O  XX,O,'6'
XO  O OXX,X,'2'
XO  O X  ,X,'37'
XO  O X X,O,'7'
XO  O XX ,O,'2358'
XO  O XXO,X,'3'
XO  OO XX,X,'6'
XO  OOX X,X,'37'
XO  OOXX ,X,'38'
XO  OX   ,X,'7'
XO  OX  X,O,'27'
XO  OX X ,O,'6'
XO  OX XO,X,'36'
XO  OXO X,X,'2'
XO  OXOX ,X,'2'
XO  OXOXX,O,'2'
XO  OXX  ,O,'7'
XO  OXX O,X,'3'
XO  OXXXO,O,'3'
XO  X    ,O,'235678'
XO  X   O,X,'36'
XO  X  O ,X,'23568'
XO  X  XO,O,'25'
XO  X O  ,X,'358'
XO  X OX ,O,'8'
XO  X OXO,X,'35'
XO  X X O,O,'2357'
XO  X XO ,O,'2358'
XO  X XOO,X,'235'
XO  XO   ,X,'2368'
XO  XO X ,O,'8'
XO  XO XO,X,'2'
XO  XOOX ,X,'8'
XO  XOX  ,O,'2378'
XO  XOX O,X,'23'
XO  XOXO ,X,'238'
XO  XOXXO,O,'2'
XO  XX  O,O,'3'
XO  XX O ,O,'2368'
XO  XX OO,X,'36'
XO  XXO  ,O,'2378'
XO  XXO O,X,'3'
XO  XXOO ,X,'38'
XO  XXOXO,O,'3'
XO  XXXOO,O,'23'
XO O    X,X,'24567'
XO O   X ,X,'8'
XO O   XX,O,'2456'
XO O  OXX,X,'245'
XO O  X  ,X,'48'
XO O  X X,O,'2457'
XO O  XOX,X,'4'
XO O  XX ,O,'8'
XO O  XXO,X,'24'
XO O O XX,X,'46'
XO O OX X,X,'47'
XO O OXX ,X,'48'
XO O X   ,X,'8'
XO O X  X,O,'2467'
XO O X OX,X,'24'
XO O X X ,O,'8'
XO O X XO,X,'246'
XO O XO X,X,'247'
XO O XOX ,X,'8'
XO O XOXX,O,'24'
XO O XX  ,O,'4'
XO O XX O,X,'24'
XO O XXO ,X,'4'
XO O XXOX,O,'4'
XO O XXXO,O,'24'
XO OO  XX,X,'56'
XO OO X X,X,'7'
XO OO XX ,X,'8'
XO OOX  X,X,'27'
XO OOX X ,X,'8'
XO OOX XX,O,'26'
XO OOXOXX,X,'2'
XO OOXX  ,X,'7'
XO OOXX X,O,'7'
XO OOXXX ,O,'8'
XO OOXXXO,X,'2'
XO OX    ,X,'268'
XO OX  X ,O,'8'
XO OX  XO,X,'26'
XO OX OX ,X,'8'
XO OX X  ,O,'2578'
XO OX X O,X,'2'
XO OX XO ,X,'258'
XO OX XXO,O,'2'
XO OXO X ,X,'268'
XO OXOX  ,X,'278'
XO OXOXX ,O,'28'
XO OXOXXO,X,'2'
XO OXX   ,O,'8'
XO OXX  O,X,'26'
XO OXX O ,X,'268'
XO OXX XO,O,'26'
XO OXXO  ,X,'8'
XO OXXOX ,O,'8'
XO OXXOXO,X,'2'
XO OXXX O,O,'2'
XO OXXXO ,O,'28'
XO OXXXOO,X,'2'
XO X     ,O,'245678'
XO X    O,X,'456'
XO X   O ,X,'46'
XO X   OX,O,'4'
XO X   XO,O,'6'
XO X  O  ,X,'4'
XO X  O X,O,'4'
XO X  OOX,X,'4'
XO X  OX ,O,'4'
XO X  OXO,X,'45'
XO X O   ,X,'468'
XO X O  X,O,'2467'
XO X O OX,X,'46'
XO X O X ,O,'6'
XO X O XO,X,'6'
XO X OO X,X,'4'
XO X OOX ,X,'48'
XO X OOXX,O,'4'
XO X X  O,O,'2467'
XO X X O ,O,'4'
XO X X OO,X,'46'
XO X XO  ,O,'4'
XO X XO O,X,'4'
XO X XOO ,X,'4'
XO X XOOX,O,'4'
XO X XOXO,O,'4'
XO XO    ,X,'6'
XO XO   X,O,'67'
XO XO  X ,O,'6'
XO XO  XO,X,'6'
XO XO O X,X,'257'
XO XO OX ,X,'2'
XO XO OXX,O,'2'
XO XOO  X,X,'6'
XO XOO X ,X,'6'
XO XOO XX,O,'6'
XO XOOOXX,X,'2'
XO XOX   ,O,'67'
XO XOX  O,X,'6'
XO XOX XO,O,'6'
XO XOXO  ,X,'278'
XO XOXO X,O,'27'
XO XOXOX ,O,'2'
XO XOXOXO,X,'2'
XO XX   O,O,'2567'
XO XX  O ,O,'2568'
XO XX  OO,X,'56'
XO XX O  ,O,'2578'
XO XX O O,X,'5'
XO XX OO ,X,'58'
XO XX OXO,O,'5'
XO XXO   ,O,'2678'
XO XXO  O,X,'6'
XO XXO O ,X,'268'
XO XXO XO,O,'2'
XO XXOO  ,X,'8'
XO XXOOX ,O,'8'
XO XXOOXO,X,'2'
XOO     X,X,'3467'
XOO    X ,X,'3568'
XOO    XX,O,'3456'
XOO   OXX,X,'4'
XOO   X  ,X,'34578'
XOO   X X,O,'3457'
XOO   XOX,X,'34'
XOO   XX ,O,'3458'
XOO   XXO,X,'3'
XOO  O XX,X,'346'
XOO  OX X,X,'347'
XOO  OXX ,X,'38'
XOO  X   ,X,'3467'
XOO  X  X,O,'4'
XOO  X OX,X,'4'
XOO  X X ,O,'3468'
XOO  X XO,X,'3'
XOO  XO X,X,'4'
XOO  XOX ,X,'4'
XOO  XOXX,O,'4'
XOO  XX  ,O,'3478'
XOO  XX O,X,'3'
XOO  XXO ,X,'34'
XOO  XXOX,O,'4'
XOO  XXXO,O,'3'
XOO O  XX,X,'6'
XOO O X X,X,'37'
XOO O XX ,X,'358'
XOO OX  X,X,'367'
XOO OX X ,X,'6'
XOO OX XX,O,'6'
XOO OXX  ,X,'37'
XOO OXX X,O,'7'
XOO OXXX ,O,'38'
XOO OXXXO,X,'3'
XOO X    ,X,'3568'
XOO X  X ,O,'8'
XOO X  XO,X,'5'
XOO X OX ,X,'358'
XOO X X  ,O,'3578'
XOO X X O,X,'3'
XOO X XO ,X,'358'
XOO X XXO,O,'5'
XOO XO X ,X,'8'
XOO XOX  ,X,'38'
XOO XOXX ,O,'8'
XOO XX   ,O,'3678'
XOO XX  O,X,'3'
XOO XX O ,X,'368'
XOO XX XO,O,'3'
XOO XXO  ,X,'378'
XOO XXOX ,O,'38'
XOO XXOXO,X,'3'
XOO XXX O,O,'3'
XOO XXXO ,O,'38'
XOO XXXOO,X,'3'
XOOO   XX,X,'456'
XOOO  X X,X,'457'
XOOO  XX ,X,'8'
XOOO X  X,X,'467'
XOOO X X ,X,'8'
XOOO X XX,O,'46'
XOOO XOXX,X,'4'
XOOO XX  ,X,'8'
XOOO XX X,O,'47'
XOOO XXOX,X,'4'
XOOO XXX ,O,'8'
XOOO XXXO,X,'4'
XOOOOX XX,X,'6'
XOOOOXX X,X,'7'
XOOOOXXX ,X,'8'
XOOOX  X ,X,'8'
XOOOX X  ,X,'8'
XOOOX XX ,O,'8'
XOOOX XXO,X,'5'
XOOOXOXX ,X,'8'
XOOOXX   ,X,'8'
XOOOXX X ,O,'8'
XOOOXX XO,X,'6'
XOOOXXOX ,X,'8'
XOOOXXX  ,O,'8'
XOOOXXX O,X,'7'
XOOOXXXO ,X,'8'
XOOX     ,X,'45678'
XOOX    X,O,'4567'
XOOX   OX,X,'46'
XOOX   X ,O,'4568'
XOOX   XO,X,'56'
XOOX  O X,X,'4'
XOOX  OX ,X,'4'
XOOX  OXX,O,'4'
XOOX O  X,X,'467'
XOOX O X ,X,'68'
XOOX O XX,O,'46'
XOOX OOXX,X,'4'
XOOX X   ,O,'4678'
XOOX X  O,X,'467'
XOOX X O ,X,'46'
XOOX X OX,O,'4'
XOOX X XO,O,'46'
XOOX XO  ,X,'4'
XOOX XO X,O,'4'
XOOX XOOX,X,'4'
XOOX XOX ,O,'4'
XOOX XOXO,X,'4'
XOOXO   X,X,'6'
XOOXO  X ,X,'6'
XOOXO  XX,O,'6'
XOOXOO XX,X,'6'
XOOXOX   ,X,'6'
XOOXOX  X,O,'67'
XOOXOX X ,O,'6'
XOOXOX XO,X,'6'
XOOXX    ,O,'5678'
XOOXX   O,X,'56'
XOOXX  O ,X,'568'
XOOXX  XO,O,'5'
XOOXX O  ,X,'578'
XOOXX OX ,O,'58'
XOOXX OXO,X,'5'
XOOXXO   ,X,'68'
XOOXXO X ,O,'8'
XOOXXOOX ,X,'8'
XOX      ,O,'4'
XOX     O,X,'6'
XOX    O ,X,'4'
XOX    OX,O,'4'
XOX    XO,O,'346'
XOX   O  ,X,'8'
XOX   O X,O,'3457'
XOX   OOX,X,'45'
XOX   OX ,O,'458'
XOX   OXO,X,'345'
XOX   X O,O,'3457'
XOX   XO ,O,'4'
XOX   XOO,X,'34'
XOX  O   ,X,'46'
XOX  O  X,O,'4'
XOX  O OX,X,'4'
XOX  O X ,O,'4'
XOX  O XO,X,'6'
XOX  OO X,X,'4'
XOX  OOX ,X,'48'
XOX  OOXX,O,'4'
XOX  OX  ,O,'3478'
XOX  OX O,X,'347'
XOX  OXO ,X,'34'
XOX  OXOX,O,'4'
XOX  OXXO,O,'34'
XOX  X  O,O,'7'
XOX  X O ,O,'48'
XOX  X OO,X,'346'
XOX  XO  ,O,'8'
XOX  XO O,X,'7'
XOX  XOO ,X,'8'
XOX  XOXO,O,'34'
XOX  XXOO,O,'4'
XOX O    ,X,'7'
XOX O   X,O,'57'
XOX O  X ,O,'35'
XOX O  XO,X,'36'
XOX O O X,X,'5'
XOX O OX ,X,'58'
XOX O OXX,O,'5'
XOX O X  ,O,'37'
XOX O X O,X,'3'
XOX O XXO,O,'3'
XOX OO  X,X,'367'
XOX OO X ,X,'3'
XOX OO XX,O,'3'
XOX OOOXX,X,'3'
XOX OOX  ,X,'3'
XOX OOX X,O,'37'
XOX OOXX ,O,'3'
XOX OOXXO,X,'3'
XOX OX   ,O,'7'
XOX OX  O,X,'7'
XOX OX XO,O,'36'
XOX OXO  ,X,'8'
XOX OXOX ,O,'8'
XOX OXOXO,X,'3'
XOX OXX O,O,'7'
XOX X   O,O,'6'
XOX X  O ,O,'3568'
XOX X  OO,X,'6'
XOX X O  ,O,'8'
XOX X O O,X,'7'
XOX X OO ,X,'8'
XOX X OXO,O,'35'
XOX XO   ,O,'3678'
XOX XO  O,X,'6'
XOX XO O ,X,'368'
XOX XO XO,O,'6'
XOX XOO  ,X,'8'
XOX XOOX ,O,'8'
XOX XOOXO,X,'3'
XOX XX OO,O,'6'
XOX XXO O,O,'7'
XOX XXOO ,O,'8'
XOXO     ,X,'48'
XOXO    X,O,'4567'
XOXO   OX,X,'45'
XOXO   X ,O,'4'
XOXO   XO,X,'46'
XOXO  O X,X,'457'
XOXO  OX ,X,'8'
XOXO  OXX,O,'45'
XOXO  X  ,O,'4'
XOXO  X O,X,'4'
XOXO  XO ,X,'4'
XOXO  XOX,O,'4'
XOXO  XXO,O,'4'
XOXO O  X,X,'4'
XOXO O X ,X,'4'
XOXO O XX,O,'4'
XOXO OOXX,X,'4'
XOXO OX  ,X,'4'
XOXO OX X,O,'4'
XOXO OXOX,X,'4'
XOXO OXX ,O,'4'
XOXO OXXO,X,'4'
XOXO X   ,O,'8'
XOXO X  O,X,'46'
XOXO X O ,X,'48'
XOXO X XO,O,'46'
XOXO XO  ,X,'8'
XOXO XOX ,O,'8'
XOXO XOXO,X,'4'
XOXO XX O,O,'4'
XOXO XXO ,O,'4'
XOXO XXOO,X,'4'
XOXOO   X,X,'5'
XOXOO  X ,X,'5'
XOXOO  XX,O,'5'
XOXOO OXX,X,'5'
XOXOO X  ,X,'578'
XOXOO X X,O,'57'
XOXOO XX ,O,'5'
XOXOO XXO,X,'5'
XOXOOX   ,X,'8'
XOXOOX X ,O,'8'
XOXOOX XO,X,'6'
XOXOOXOX ,X,'8'
XOXOOXX  ,O,'7'
XOXOOXX O,X,'7'
XOXOX    ,O,'5678'
XOXOX   O,X,'6'
XOXOX  O ,X,'568'
XOXOX  XO,O,'6'
XOXOX O  ,X,'8'
XOXOX OX ,O,'8'
XOXOX OXO,X,'5'
XOXOXO   ,X,'678'
XOXOXO X ,O,'68'
XOXOXO XO,X,'6'
XOXOXOOX ,X,'8'
XOXOXX  O,O,'6'
XOXOXX O ,O,'68'
XOXOXX OO,X,'6'
XOXOXXO  ,O,'8'
XOXOXXO O,X,'7'
XOXOXXOO ,X,'8'
XOXX    O,O,'6'
XOXX   O ,O,'46'
XOXX   OO,X,'6'
XOXX  O  ,O,'7'
XOXX  O O,X,'7'
XOXX  OO ,X,'458'
XOXX  OOX,O,'4'
XOXX  OXO,O,'45'
XOXX O   ,O,'6'
XOXX O  O,X,'6'
XOXX O O ,X,'46'
XOXX O OX,O,'4'
XOXX O XO,O,'6'
XOXX OO  ,X,'48'
XOXX OO X,O,'4'
XOXX OOOX,X,'4'
XOXX OOX ,O,'48'
XOXX OOXO,X,'4'
XOXX X OO,O,'46'
XOXX XO O,O,'7'
XOXX XOO ,O,'48'
XOXXO    ,O,'7'
XOXXO   O,X,'6'
XOXXO  XO,O,'6'
XOXXO O  ,X,'7'
XOXXO O X,O,'7'
XOXXO OX ,O,'58'
XOXXO OXO,X,'5'
XOXXOO   ,X,'6'
XOXXOO  X,O,'7'
XOXXOO X ,O,'6'
XOXXOO XO,X,'6'
XOXXOOO X,X,'7'
XOXXOOOX ,X,'8'
XOXXOX  O,O,'7'
XOXXOXO  ,O,'7'
XOXXOXO O,X,'7'
XOXXX  OO,O,'6'
XOXXX O O,O,'7'
XOXXX OO ,O,'8'
XOXXXO  O,O,'6'
XOXXXO O ,O,'68'
XOXXXO OO,X,'6'
XOXXXOO  ,O,'8'
XOXXXOO O,X,'7'
XOXXXOOO ,X,'8'
XX      O,O,'2'
XX     O ,O,'2'
XX     OO,X,'26'
XX    O  ,O,'234578'
XX    O O,X,'27'
XX    OO ,X,'28'
XX    OOX,O,'2345'
XX    OXO,O,'2345'
XX    XOO,O,'2345'
XX   O   ,O,'2'
XX   O  O,X,'2'
XX   O O ,X,'23468'
XX   O OX,O,'2346'
XX   O XO,O,'2'
XX   OO  ,X,'2478'
XX   OO X,O,'2347'
XX   OOOX,X,'234'
XX   OOX ,O,'2348'
XX   OOXO,X,'24'
XX   OX O,O,'2'
XX   OXO ,O,'2348'
XX   OXOO,X,'23'
XX   X OO,O,'6'
XX   XO O,O,'27'
XX   XOO ,O,'28'
XX  O    ,O,'2'
XX  O   O,X,'236'
XX  O  O ,X,'236'
XX  O  OX,O,'2'
XX  O  XO,O,'2'
XX  O O  ,X,'2'
XX  O O X,O,'2'
XX  O OOX,X,'2'
XX  O OX ,O,'2'
XX  O OXO,X,'2'
XX  O X O,O,'2357'
XX  O XO ,O,'2358'
XX  O XOO,X,'235'
XX  OO   ,X,'23'
XX  OO  X,O,'23'
XX  OO OX,X,'23'
XX  OO X ,O,'23'
XX  OO XO,X,'2'
XX  OOO X,X,'2'
XX  OOOX ,X,'2'
XX  OOOXX,O,'23'
XX  OOX  ,O,'3'
XX  OOX O,X,'23'
XX  OOXO ,X,'23'
XX  OOXOX,O,'3'
XX  OOXXO,O,'23'
XX  OX  O,O,'2'
XX  OX O ,O,'2'
XX  OX OO,X,'26'
XX  OXO  ,O,'2'
XX  OXO O,X,'2'
XX  OXOO ,X,'2'
XX  OXOOX,O,'2'
XX  OXOXO,O,'2'
XX  OXXOO,O,'23'
XX  X  OO,O,'26'
XX  X O O,O,'7'
XX  X OO ,O,'8'
XX  XO  O,O,'2'
XX  XO O ,O,'2368'
XX  XO OO,X,'2'
XX  XOO  ,O,'2378'
XX  XOO O,X,'27'
XX  XOOO ,X,'28'
XX  XOXOO,O,'2'
XX O     ,O,'245678'
XX O    O,X,'247'
XX O   O ,X,'248'
XX O   OX,O,'2456'
XX O   XO,O,'2456'
XX O  O  ,X,'24578'
XX O  O X,O,'2457'
XX O  OOX,X,'245'
XX O  OX ,O,'2458'
XX O  OXO,X,'245'
XX O  X O,O,'2'
XX O  XO ,O,'2'
XX O  XOO,X,'2'
XX O O   ,X,'24'
XX O O  X,O,'4'
XX O O OX,X,'24'
XX O O X ,O,'4'
XX O O XO,X,'24'
XX O OO X,X,'24'
XX O OOX ,X,'24'
XX O OOXX,O,'4'
XX O OX  ,O,'24'
XX O OX O,X,'2'
XX O OXO ,X,'24'
XX O OXOX,O,'4'
XX O OXXO,O,'24'
XX O X  O,O,'2'
XX O X O ,O,'2'
XX O X OO,X,'2'
XX O XO  ,O,'2478'
XX O XO O,X,'27'
XX O XOO ,X,'28'
XX O XOOX,O,'24'
XX O XOXO,O,'24'
XX O XXOO,O,'2'
XX OO    ,X,'2'
XX OO   X,O,'25'
XX OO  OX,X,'2'
XX OO  X ,O,'25'
XX OO  XO,X,'2'
XX OO O X,X,'2'
XX OO OX ,X,'2'
XX OO OXX,O,'25'
XX OO X  ,O,'5'
XX OO X O,X,'2'
XX OO XO ,X,'2'
XX OO XOX,O,'5'
XX OO XXO,O,'5'
XX OOX   ,O,'2'
XX OOX  O,X,'2'
XX OOX O ,X,'2'
XX OOX OX,O,'2'
XX OOX XO,O,'2'
XX OOXO  ,X,'2'
XX OOXO X,O,'2'
XX OOXOOX,X,'2'
XX OOXOX ,O,'2'
XX OOXOXO,X,'2'
XX OOXX O,O,'2'
XX OOXXO ,O,'2'
XX OOXXOO,X,'2'
XX OX   O,O,'2567'
XX OX  O ,O,'2568'
XX OX  OO,X,'2'
XX OX O  ,O,'2578'
XX OX O O,X,'27'
XX OX OO ,X,'28'
XX OX XOO,O,'2'
XX OXO   ,O,'2678'
XX OXO  O,X,'27'
XX OXO O ,X,'268'
XX OXOO  ,X,'278'
XX OXOX O,O,'2'
XX OXOXO ,O,'28'
XX OXOXOO,X,'2'
XX OXX OO,O,'6'
XX OXXO O,O,'7'
XX OXXOO ,O,'8'
XX X   OO,O,'6'
XX X  O O,O,'27'
XX X  OO ,O,'28'
XX X O  O,O,'2'
XX X O O ,O,'2468'
XX X O OO,X,'26'
XX X OO  ,O,'2'
XX X OO O,X,'2'
XX X OOO ,X,'28'
XX X OOOX,O,'24'
XX X OOXO,O,'2'
XX XO   O,O,'2567'
XX XO  O ,O,'2568'
XX XO  OO,X,'26'
XX XO O  ,O,'2'
XX XO O O,X,'2'
XX XO OO ,X,'2'
XX XO OOX,O,'2'
XX XO OXO,O,'2'
XX XOO   ,O,'2678'
XX XOO  O,X,'26'
XX XOO O ,X,'268'
XX XOO OX,O,'26'
XX XOO XO,O,'2'
XX XOOO  ,X,'2'
XX XOOO X,O,'2'
XX XOOOOX,X,'2'
XX XOOOX ,O,'2'
XX XOOOXO,X,'2'
XX XOX OO,O,'6'
XX XOXO O,O,'27'
XX XOXOO ,O,'28'
XX XXO OO,O,'26'
XX XXOO O,O,'27'
XX XXOOO ,O,'8'
XXO      ,O,'58'
XXO     O,X,'34567'
XXO    O ,X,'68'
XXO    OX,O,'4'
XXO    XO,O,'45'
XXO   O  ,X,'4'
XXO   O X,O,'4'
XXO   OOX,X,'4'
XXO   OX ,O,'4'
XXO   OXO,X,'4'
XXO   X O,O,'5'
XXO   XO ,O,'3'
XXO   XOO,X,'3'
XXO  O   ,X,'34678'
XXO  O  X,O,'4'
XXO  O OX,X,'346'
XXO  O X ,O,'48'
XXO  OO X,X,'4'
XXO  OOX ,X,'4'
XXO  OOXX,O,'4'
XXO  OX  ,O,'38'
XXO  OXO ,X,'38'
XXO  OXOX,O,'34'
XXO  X  O,O,'6'
XXO  X O ,O,'6'
XXO  X OO,X,'6'
XXO  XO  ,O,'478'
XXO  XO O,X,'347'
XXO  XOO ,X,'348'
XXO  XOOX,O,'4'
XXO  XOXO,O,'4'
XXO  XXOO,O,'3'
XXO O    ,X,'6'
XXO O   X,O,'356'
XXO O  OX,X,'6'
XXO O  X ,O,'3568'
XXO O  XO,X,'356'
XXO O X  ,O,'3'
XXO O X O,X,'3'
XXO O XO ,X,'3'
XXO O XOX,O,'3'
XXO O XXO,O,'5'
XXO OO  X,X,'367'
XXO OO X ,X,'368'
XXO OO XX,O,'36'
XXO OOX  ,X,'3'
XXO OOX X,O,'3'
XXO OOXOX,X,'3'
XXO OOXX ,O,'38'
XXO OX   ,O,'6'
XXO OX  O,X,'6'
XXO OX O ,X,'6'
XXO OX OX,O,'6'
XXO OX XO,O,'6'
XXO OXX O,O,'3'
XXO OXXO ,O,'3'
XXO OXXOO,X,'3'
XXO X   O,O,'57'
XXO X  O ,O,'8'
XXO X  OO,X,'356'
XXO X O  ,O,'3578'
XXO X O O,X,'7'
XXO X OO ,X,'8'
XXO X XOO,O,'5'
XXO XO   ,O,'8'
XXO XO O ,X,'8'
XXO XOO  ,X,'78'
XXO XOXO ,O,'8'
XXO XX OO,O,'6'
XXO XXO O,O,'7'
XXO XXOO ,O,'8'
XXOO     ,X,'4'
XXOO    X,O,'4'
XXOO   OX,X,'4'
XXOO   X ,O,'4'
XXOO   XO,X,'4'
XXOO  O X,X,'4'
XXOO  OX ,X,'4'
XXOO  OXX,O,'4'
XXOO  X  ,O,'5'
XXOO  X O,X,'5'
XXOO  XO ,X,'48'
XXOO  XOX,O,'4'
XXOO  XXO,O,'5'
XXOO O  X,X,'4'
XXOO O X ,X,'4'
XXOO O XX,O,'4'
XXOO OOXX,X,'4'
XXOO OX  ,X,'478'
XXOO OX X,O,'4'
XXOO OXOX,X,'4'
XXOO OXX ,O,'48'
XXOO X   ,O,'4'
XXOO X  O,X,'47'
XXOO X O ,X,'48'
XXOO X OX,O,'4'
XXOO X XO,O,'4'
XXOO XO  ,X,'4'
XXOO XO X,O,'4'
XXOO XOOX,X,'4'
XXOO XOX ,O,'4'
XXOO XOXO,X,'4'
XXOO XX O,O,'47'
XXOO XXO ,O,'48'
XXOO XXOO,X,'4'
XXOOO   X,X,'567'
XXOOO  X ,X,'568'
XXOOO  XX,O,'56'
XXOOO X  ,X,'5'
XXOOO X X,O,'5'
XXOOO XOX,X,'5'
XXOOO XX ,O,'5'
XXOOO XXO,X,'5'
XXOOOX   ,X,'6'
XXOOOX  X,O,'6'
XXOOOX OX,X,'6'
XXOOOX X ,O,'6'
XXOOOX XO,X,'6'
XXOOOXX  ,O,'78'
XXOOOXX O,X,'7'
XXOOOXXO ,X,'8'
XXOOX    ,O,'5678'
XXOOX   O,X,'7'
XXOOX  O ,X,'8'
XXOOX O  ,X,'578'
XXOOX X O,O,'5'
XXOOX XO ,O,'8'
XXOOX XOO,X,'5'
XXOOXO   ,X,'78'
XXOOXOX  ,O,'8'
XXOOXOXO ,X,'8'
XXOOXX  O,O,'7'
XXOOXX O ,O,'8'
XXOOXX OO,X,'6'
XXOOXXO  ,O,'78'
XXOOXXO O,X,'7'
XXOOXXOO ,X,'8'
XXOX    O,O,'56'
XXOX   O ,O,'6'
XXOX   OO,X,'6'
XXOX  O  ,O,'4578'
XXOX  O O,X,'457'
XXOX  OO ,X,'458'
XXOX  OOX,O,'4'
XXOX  OXO,O,'45'
XXOX O   ,O,'68'
XXOX O O ,X,'68'
XXOX O OX,O,'46'
XXOX OO  ,X,'478'
XXOX OO X,O,'4'
XXOX OOOX,X,'4'
XXOX OOX ,O,'48'
XXOX X OO,O,'6'
XXOX XO O,O,'47'
XXOX XOO ,O,'48'
XXOXO    ,O,'6'
XXOXO   O,X,'6'
XXOXO  O ,X,'6'
XXOXO  OX,O,'6'
XXOXO  XO,O,'56'
XXOXOO   ,X,'6'
XXOXOO  X,O,'6'
XXOXOO OX,X,'6'
XXOXOO X ,O,'68'
XXOXOX  O,O,'6'
XXOXOX O ,O,'6'
XXOXOX OO,X,'6'
XXOXX  OO,O,'56'
XXOXX O O,O,'57'
XXOXX OO ,O,'8'
XXOXXO O ,O,'8'
XXOXXOO  ,O,'8'
XXOXXOOO ,X,'8'
